"","Alabama","Alaska","Arizona","","","Arkansas","","","California","","","Colorado","","","Connecticut","","","Delaware","","","District of Columbia","","","Florida","","","Georgia","","","Hawaii","","","Idaho","","","Illinois","","","Indiana","","","Iowa","","","Kansas","","","Kentucky","","","Louisiana","","","Maine","","","Maryland","","","Massachusetts","","","Michigan","","","Minnesota","","","Mississippi","","","Missouri","","","Montana","","","Nebraska","","","Nevada","","","New Hampshire","","","New Jersey","","","New Mexico","","","New York","","","North Carolina","","","North Dakota","","","Ohio","","","Oklahoma","","","Oregon","","","Pennsylvania","","","Rhode Island","","","South Carolina","","","South Dakota","","","Tennessee","","","Texas","","","Utah","","","Vermont","","","Virginia","","","Washington","","","West Virginia","","","Wisconsin","","","Wyoming","","","Puerto Rico","",""
"","Total","Total","Total","Below poverty level","Percent below poverty level","Total","Below poverty level","Percent below poverty level","Total","Below poverty level","Percent below poverty level","Total","Below poverty level","Percent below poverty level","Total","Below poverty level","Percent below poverty level","Total","Below poverty level","Percent below poverty level","Total","Below poverty level","Percent below poverty level","Total","Below poverty level","Percent below poverty level","Total","Below poverty level","Percent below poverty level","Total","Below poverty level","Percent below poverty level","Total","Below poverty level","Percent below poverty level","Total","Below poverty level","Percent below poverty level","Total","Below poverty level","Percent below poverty level","Total","Below poverty level","Percent below poverty level","Total","Below poverty level","Percent below poverty level","Total","Below poverty level","Percent below poverty level","Total","Below poverty level","Percent below poverty level","Total","Below poverty level","Percent below poverty level","Total","Below poverty level","Percent below poverty level","Total","Below poverty level","Percent below poverty level","Total","Below poverty level","Percent below poverty level","Total","Below poverty level","Percent below poverty level","Total","Below poverty level","Percent below poverty level","Total","Below poverty level","Percent below poverty level","Total","Below poverty level","Percent below poverty level","Total","Below poverty level","Percent below poverty level","Total","Below poverty level","Percent below poverty level","Total","Below poverty level","Percent below poverty level","Total","Below poverty level","Percent below poverty level","Total","Below poverty level","Percent below poverty level","Total","Below poverty level","Percent below poverty level","Total","Below poverty level","Percent below poverty level","Total","Below poverty level","Percent below poverty level","Total","Below poverty level","Percent below poverty level","Total","Below poverty level","Percent below poverty level","Total","Below poverty level","Percent below poverty level","Total","Below poverty level","Percent below poverty level","Total","Below poverty level","Percent below poverty level","Total","Below poverty level","Percent below poverty level","Total","Below poverty level","Percent below poverty level","Total","Below poverty level","Percent below poverty level","Total","Below poverty level","Percent below poverty level","Total","Below poverty level","Percent below poverty level","Total","Below poverty level","Percent below poverty level","Total","Below poverty level","Percent below poverty level","Total","Below poverty level","Percent below poverty level","Total","Below poverty level","Percent below poverty level","Total","Below poverty level","Percent below poverty level","Total","Below poverty level","Percent below poverty level","Total","Below poverty level","Percent below poverty level"
"Label (Grouping)","Alabama!!Total!!Estimate","Alaska!!Total!!Estimate","Arizona!!Total!!Estimate","Arizona!!Below poverty level!!Estimate","Arizona!!Percent below poverty level!!Estimate","Arkansas!!Total!!Estimate","Arkansas!!Below poverty level!!Estimate","Arkansas!!Percent below poverty level!!Estimate","California!!Total!!Estimate","California!!Below poverty level!!Estimate","California!!Percent below poverty level!!Estimate","Colorado!!Total!!Estimate","Colorado!!Below poverty level!!Estimate","Colorado!!Percent below poverty level!!Estimate","Connecticut!!Total!!Estimate","Connecticut!!Below poverty level!!Estimate","Connecticut!!Percent below poverty level!!Estimate","Delaware!!Total!!Estimate","Delaware!!Below poverty level!!Estimate","Delaware!!Percent below poverty level!!Estimate","District of Columbia!!Total!!Estimate","District of Columbia!!Below poverty level!!Estimate","District of Columbia!!Percent below poverty level!!Estimate","Florida!!Total!!Estimate","Florida!!Below poverty level!!Estimate","Florida!!Percent below poverty level!!Estimate","Georgia!!Total!!Estimate","Georgia!!Below poverty level!!Estimate","Georgia!!Percent below poverty level!!Estimate","Hawaii!!Total!!Estimate","Hawaii!!Below poverty level!!Estimate","Hawaii!!Percent below poverty level!!Estimate","Idaho!!Total!!Estimate","Idaho!!Below poverty level!!Estimate","Idaho!!Percent below poverty level!!Estimate","Illinois!!Total!!Estimate","Illinois!!Below poverty level!!Estimate","Illinois!!Percent below poverty level!!Estimate","Indiana!!Total!!Estimate","Indiana!!Below poverty level!!Estimate","Indiana!!Percent below poverty level!!Estimate","Iowa!!Total!!Estimate","Iowa!!Below poverty level!!Estimate","Iowa!!Percent below poverty level!!Estimate","Kansas!!Total!!Estimate","Kansas!!Below poverty level!!Estimate","Kansas!!Percent below poverty level!!Estimate","Kentucky!!Total!!Estimate","Kentucky!!Below poverty level!!Estimate","Kentucky!!Percent below poverty level!!Estimate","Louisiana!!Total!!Estimate","Louisiana!!Below poverty level!!Estimate","Louisiana!!Percent below poverty level!!Estimate","Maine!!Total!!Estimate","Maine!!Below poverty level!!Estimate","Maine!!Percent below poverty level!!Estimate","Maryland!!Total!!Estimate","Maryland!!Below poverty level!!Estimate","Maryland!!Percent below poverty level!!Estimate","Massachusetts!!Total!!Estimate","Massachusetts!!Below poverty level!!Estimate","Massachusetts!!Percent below poverty level!!Estimate","Michigan!!Total!!Estimate","Michigan!!Below poverty level!!Estimate","Michigan!!Percent below poverty level!!Estimate","Minnesota!!Total!!Estimate","Minnesota!!Below poverty level!!Estimate","Minnesota!!Percent below poverty level!!Estimate","Mississippi!!Total!!Estimate","Mississippi!!Below poverty level!!Estimate","Mississippi!!Percent below poverty level!!Estimate","Missouri!!Total!!Estimate","Missouri!!Below poverty level!!Estimate","Missouri!!Percent below poverty level!!Estimate","Montana!!Total!!Estimate","Montana!!Below poverty level!!Estimate","Montana!!Percent below poverty level!!Estimate","Nebraska!!Total!!Estimate","Nebraska!!Below poverty level!!Estimate","Nebraska!!Percent below poverty level!!Estimate","Nevada!!Total!!Estimate","Nevada!!Below poverty level!!Estimate","Nevada!!Percent below poverty level!!Estimate","New Hampshire!!Total!!Estimate","New Hampshire!!Below poverty level!!Estimate","New Hampshire!!Percent below poverty level!!Estimate","New Jersey!!Total!!Estimate","New Jersey!!Below poverty level!!Estimate","New Jersey!!Percent below poverty level!!Estimate","New Mexico!!Total!!Estimate","New Mexico!!Below poverty level!!Estimate","New Mexico!!Percent below poverty level!!Estimate","New York!!Total!!Estimate","New York!!Below poverty level!!Estimate","New York!!Percent below poverty level!!Estimate","North Carolina!!Total!!Estimate","North Carolina!!Below poverty level!!Estimate","North Carolina!!Percent below poverty level!!Estimate","North Dakota!!Total!!Estimate","North Dakota!!Below poverty level!!Estimate","North Dakota!!Percent below poverty level!!Estimate","Ohio!!Total!!Estimate","Ohio!!Below poverty level!!Estimate","Ohio!!Percent below poverty level!!Estimate","Oklahoma!!Total!!Estimate","Oklahoma!!Below poverty level!!Estimate","Oklahoma!!Percent below poverty level!!Estimate","Oregon!!Total!!Estimate","Oregon!!Below poverty level!!Estimate","Oregon!!Percent below poverty level!!Estimate","Pennsylvania!!Total!!Estimate","Pennsylvania!!Below poverty level!!Estimate","Pennsylvania!!Percent below poverty level!!Estimate","Rhode Island!!Total!!Estimate","Rhode Island!!Below poverty level!!Estimate","Rhode Island!!Percent below poverty level!!Estimate","South Carolina!!Total!!Estimate","South Carolina!!Below poverty level!!Estimate","South Carolina!!Percent below poverty level!!Estimate","South Dakota!!Total!!Estimate","South Dakota!!Below poverty level!!Estimate","South Dakota!!Percent below poverty level!!Estimate","Tennessee!!Total!!Estimate","Tennessee!!Below poverty level!!Estimate","Tennessee!!Percent below poverty level!!Estimate","Texas!!Total!!Estimate","Texas!!Below poverty level!!Estimate","Texas!!Percent below poverty level!!Estimate","Utah!!Total!!Estimate","Utah!!Below poverty level!!Estimate","Utah!!Percent below poverty level!!Estimate","Vermont!!Total!!Estimate","Vermont!!Below poverty level!!Estimate","Vermont!!Percent below poverty level!!Estimate","Virginia!!Total!!Estimate","Virginia!!Below poverty level!!Estimate","Virginia!!Percent below poverty level!!Estimate","Washington!!Total!!Estimate","Washington!!Below poverty level!!Estimate","Washington!!Percent below poverty level!!Estimate","West Virginia!!Total!!Estimate","West Virginia!!Below poverty level!!Estimate","West Virginia!!Percent below poverty level!!Estimate","Wisconsin!!Total!!Estimate","Wisconsin!!Below poverty level!!Estimate","Wisconsin!!Percent below poverty level!!Estimate","Wyoming!!Total!!Estimate","Wyoming!!Below poverty level!!Estimate","Wyoming!!Percent below poverty level!!Estimate","Puerto Rico!!Total!!Estimate","Puerto Rico!!Below poverty level!!Estimate","Puerto Rico!!Percent below poverty level!!Estimate"
"Population for whom poverty status is determined","4,763,828","720,869","7,013,444","983,499","14.0%","2,925,448","504,504","17.2%","38,818,454","4,969,326","12.8%","5,577,020","537,492","9.6%","3,468,263","361,377","10.4%","940,786","117,242","12.5%","669,031","108,055","16.2%","20,882,651","2,840,977","13.6%","10,238,658","1,468,642","14.3%","1,382,448","122,143","8.8%","1,723,154","203,264","11.8%","12,447,271","1,509,247","12.1%","6,489,261","852,638","13.1%","3,055,939","343,504","11.2%","2,825,680","338,175","12.0%","4,326,305","730,408","16.9%","4,529,028","843,626","18.6%","1,301,941","151,541","11.6%","5,899,819","528,203","9.0%","6,665,083","663,918","10.0%","9,774,124","1,373,349","14.1%","5,488,344","529,077","9.6%","2,886,448","567,645","19.7%","5,943,658","786,330","13.2%","1,037,462","135,114","13.0%","1,875,342","206,341","11.0%","2,991,978","387,327","12.9%","1,312,006","100,220","7.6%","8,739,304","832,133","9.5%","2,051,759","399,456","19.5%","19,037,564","2,591,391","13.6%","10,100,431","1,417,873","14.0%","736,671","78,676","10.7%","11,362,304","1,578,673","13.9%","3,825,027","596,949","15.6%","4,113,142","516,570","12.6%","12,394,000","1,517,870","12.2%","1,016,469","131,205","12.9%","4,944,754","755,215","15.3%","852,419","111,626","13.1%","6,603,013","1,011,016","15.3%","28,074,573","4,180,675","14.9%","3,110,944","280,773","9.0%","601,261","66,013","11.0%","8,264,095","884,647","10.7%","7,400,557","759,013","10.3%","1,753,476","312,188","17.8%","5,665,153","625,826","11.0%","563,374","62,301","11.1%","3,165,711","1,363,666","43.1%"
"    AGE","","","","","","","","","","","","","","","","","","","","","","","","","","","","","","","","","","","","","","","","","","","","","","","","","","","","","","","","","","","","","","","","","","","","","","","","","","","","","","","","","","","","","","","","","","","","","","","","","","","","","","","","","","","","","","","","","","","","","","","","","","","","","","","","","","","","","","","","","","","","","","","","","","","","","","","",""
"        Under 18 years","1,070,267","180,258","1,616,402","324,622","20.1%","690,886","170,769","24.7%","8,863,930","1,541,067","17.4%","1,254,115","149,487","11.9%","726,550","102,083","14.1%","198,852","37,283","18.7%","125,590","29,048","23.1%","4,163,985","819,256","19.7%","2,463,436","504,745","20.5%","297,248","35,368","11.9%","439,332","62,855","14.3%","2,817,981","456,926","16.2%","1,531,482","275,370","18.0%","719,504","97,222","13.5%","691,389","103,210","14.9%","980,918","225,710","23.0%","1,082,739","283,218","26.2%","240,662","34,878","14.5%","1,317,517","152,237","11.6%","1,345,037","163,788","12.2%","2,122,572","412,692","19.4%","1,279,942","149,502","11.7%","695,058","192,952","27.8%","1,347,491","247,209","18.3%","224,806","35,999","16.0%","465,564","60,110","12.9%","677,441","120,091","17.7%","252,085","26,830","10.6%","1,931,396","264,253","13.7%","470,978","124,024","26.3%","3,993,286","743,024","18.6%","2,257,634","455,971","20.2%","172,631","17,145","9.9%","2,540,270","495,616","19.5%","936,031","202,779","21.7%","854,971","134,383","15.7%","2,594,554","434,736","16.8%","200,202","36,135","18.0%","1,088,536","245,821","22.6%","208,983","34,201","16.4%","1,482,119","330,998","22.3%","7,310,961","1,545,362","21.1%","919,114","87,445","9.5%","112,933","13,712","12.1%","1,840,287","252,475","13.7%","1,634,222","204,470","12.5%","353,722","86,713","24.5%","1,247,282","175,243","14.0%","130,118","17,986","13.8%","588,499","335,044","56.9%"
"            Under 5 years","282,011","51,329","427,352","94,276","22.1%","185,545","53,630","28.9%","2,392,271","416,686","17.4%","331,810","39,308","11.8%","178,579","26,891","15.1%","52,630","10,074","19.1%","45,015","8,835","19.6%","1,115,627","240,153","21.5%","635,094","140,442","22.1%","84,946","12,592","14.8%","112,081","18,788","16.8%","749,060","132,775","17.7%","407,790","81,505","20.0%","195,530","28,246","14.4%","183,540","30,827","16.8%","265,736","65,327","24.6%","297,386","86,541","29.1%","61,960","9,594","15.5%","354,220","41,080","11.6%","349,091","45,937","13.2%","558,505","123,515","22.1%","349,748","42,833","12.2%","173,937","52,488","30.2%","362,024","72,100","19.9%","60,587","10,981","18.1%","129,512","20,264","15.6%","181,422","35,023","19.3%","61,329","7,995","13.0%","511,150","78,392","15.3%","116,336","32,985","28.4%","1,116,698","218,398","19.6%","586,457","127,425","21.7%","51,223","6,268","12.2%","678,936","152,478","22.5%","251,152","62,134","24.7%","225,073","38,552","17.1%","687,014","121,224","17.6%","53,873","10,719","19.9%","282,642","67,989","24.1%","58,842","10,766","18.3%","394,723","105,352","26.7%","1,983,171","449,075","22.6%","247,392","25,914","10.5%","28,059","2,974","10.6%","493,819","75,595","15.3%","449,434","59,078","13.1%","91,059","25,235","27.7%","324,132","51,696","15.9%","34,677","5,891","17.0%","124,657","80,321","64.4%"
"            5 to 17 years","788,256","128,929","1,189,050","230,346","19.4%","505,341","117,139","23.2%","6,471,659","1,124,381","17.4%","922,305","110,179","11.9%","547,971","75,192","13.7%","146,222","27,209","18.6%","80,575","20,213","25.1%","3,048,358","579,103","19.0%","1,828,342","364,303","19.9%","212,302","22,776","10.7%","327,251","44,067","13.5%","2,068,921","324,151","15.7%","1,123,692","193,865","17.3%","523,974","68,976","13.2%","507,849","72,383","14.3%","715,182","160,383","22.4%","785,353","196,677","25.0%","178,702","25,284","14.1%","963,297","111,157","11.5%","995,946","117,851","11.8%","1,564,067","289,177","18.5%","930,194","106,669","11.5%","521,121","140,464","27.0%","985,467","175,109","17.8%","164,219","25,018","15.2%","336,052","39,846","11.9%","496,019","85,068","17.2%","190,756","18,835","9.9%","1,420,246","185,861","13.1%","354,642","91,039","25.7%","2,876,588","524,626","18.2%","1,671,177","328,546","19.7%","121,408","10,877","9.0%","1,861,334","343,138","18.4%","684,879","140,645","20.5%","629,898","95,831","15.2%","1,907,540","313,512","16.4%","146,329","25,416","17.4%","805,894","177,832","22.1%","150,141","23,435","15.6%","1,087,396","225,646","20.8%","5,327,790","1,096,287","20.6%","671,722","61,531","9.2%","84,874","10,738","12.7%","1,346,468","176,880","13.1%","1,184,788","145,392","12.3%","262,663","61,478","23.4%","923,150","123,547","13.4%","95,441","12,095","12.7%","463,842","254,723","54.9%"
"            Related children of householder under 18 years","1,066,361","179,037","1,609,759","318,887","19.8%","687,279","167,359","24.4%","8,825,297","1,504,746","17.1%","1,247,488","143,078","11.5%","723,454","99,250","13.7%","198,163","36,594","18.5%","125,155","28,613","22.9%","4,142,438","799,866","19.3%","2,452,439","494,416","20.2%","296,149","34,407","11.6%","437,390","61,058","14.0%","2,806,387","446,282","15.9%","1,521,430","265,735","17.5%","715,678","93,518","13.1%","687,693","99,649","14.5%","976,217","221,371","22.7%","1,080,523","281,354","26.0%","238,546","32,908","13.8%","1,311,979","147,384","11.2%","1,339,067","158,083","11.8%","2,112,972","403,427","19.1%","1,274,187","144,080","11.3%","693,135","191,181","27.6%","1,339,557","239,604","17.9%","222,565","33,828","15.2%","462,773","57,486","12.4%","673,541","116,468","17.3%","250,778","25,523","10.2%","1,925,796","259,521","13.5%","467,207","120,319","25.8%","3,972,026","723,189","18.2%","2,243,200","441,949","19.7%","172,148","16,673","9.7%","2,529,124","485,380","19.2%","931,738","198,846","21.3%","848,373","127,785","15.1%","2,583,776","424,371","16.4%","198,983","34,916","17.5%","1,085,204","242,983","22.4%","207,599","33,216","16.0%","1,476,198","325,667","22.1%","7,285,370","1,522,277","20.9%","916,391","85,107","9.3%","111,399","12,329","11.1%","1,831,892","244,432","13.3%","1,626,117","196,892","12.1%","351,417","84,482","24.0%","1,240,322","169,022","13.6%","129,731","17,639","13.6%","586,931","333,537","56.8%"
"        18 to 64 years","2,881,507","454,213","4,149,779","552,070","13.3%","1,743,670","283,453","16.3%","24,382,216","2,841,730","11.7%","3,529,275","329,127","9.3%","2,149,512","212,216","9.9%","565,047","69,087","12.2%","459,981","65,050","14.1%","12,427,250","1,567,616","12.6%","6,349,423","818,172","12.9%","827,936","69,983","8.5%","1,009,212","116,741","11.6%","7,703,754","881,959","11.4%","3,941,891","497,092","12.6%","1,820,730","209,679","11.5%","1,690,716","199,678","11.8%","2,635,871","432,210","16.4%","2,747,404","473,689","17.2%","793,679","92,402","11.6%","3,674,160","309,534","8.4%","4,216,709","399,979","9.5%","5,970,889","809,606","13.6%","3,350,050","314,521","9.4%","1,730,365","317,656","18.4%","3,598,015","457,081","12.7%","617,185","80,695","13.1%","1,117,462","124,121","11.1%","1,843,913","221,065","12.0%","822,986","60,301","7.3%","5,407,136","456,017","8.4%","1,217,540","227,009","18.6%","11,927,434","1,480,761","12.4%","6,193,752","818,929","13.2%","453,786","50,193","11.1%","6,893,270","916,722","13.3%","2,288,331","341,808","14.9%","2,529,740","324,598","12.8%","7,545,401","895,975","11.9%","640,833","75,370","11.8%","2,974,562","425,854","14.3%","503,567","64,822","12.9%","4,044,245","581,364","14.4%","17,248,984","2,244,126","13.0%","1,845,107","172,273","9.3%","367,763","41,095","11.2%","5,131,420","523,832","10.2%","4,622,518","471,653","10.2%","1,047,767","190,312","18.2%","3,456,436","374,548","10.8%","339,054","37,464","11.0%","1,923,885","779,041","40.5%"
"            18 to 34 years","1,039,098","176,700","1,586,332","261,125","16.5%","641,798","132,539","20.7%","9,412,521","1,304,709","13.9%","1,351,936","167,793","12.4%","728,000","90,454","12.4%","197,589","29,757","15.1%","211,148","33,043","15.6%","4,346,007","652,793","15.0%","2,328,721","366,222","15.7%","298,900","29,472","9.9%","379,101","62,415","16.5%","2,805,857","417,917","14.9%","1,430,169","243,548","17.0%","659,343","114,113","17.3%","630,113","105,807","16.8%","934,405","186,755","20.0%","1,023,585","213,231","20.8%","248,843","37,100","14.9%","1,287,861","137,901","10.7%","1,532,269","187,431","12.2%","2,148,699","382,947","17.8%","1,202,531","157,239","13.1%","632,267","145,592","23.0%","1,302,511","217,438","16.7%","219,451","37,382","17.0%","417,429","67,251","16.1%","677,014","90,121","13.3%","269,119","28,088","10.4%","1,836,937","191,694","10.4%","458,497","100,415","21.9%","4,405,379","643,724","14.6%","2,202,687","375,916","17.1%","188,222","30,871","16.4%","2,451,056","429,140","17.5%","867,587","169,396","19.5%","924,466","156,622","16.9%","2,641,701","419,293","15.9%","231,456","35,074","15.2%","1,057,934","195,726","18.5%","186,902","33,307","17.8%","1,454,184","265,635","18.3%","6,717,820","1,086,188","16.2%","796,609","101,698","12.8%","121,869","17,313","14.2%","1,840,264","258,589","14.1%","1,744,757","233,132","13.4%","347,924","82,787","23.8%","1,209,243","196,318","16.2%","122,239","21,354","17.5%","686,159","312,901","45.6%"
"            35 to 64 years","1,842,409","277,513","2,563,447","290,945","11.3%","1,101,872","150,914","13.7%","14,969,695","1,537,021","10.3%","2,177,339","161,334","7.4%","1,421,512","121,762","8.6%","367,458","39,330","10.7%","248,833","32,007","12.9%","8,081,243","914,823","11.3%","4,020,702","451,950","11.2%","529,036","40,511","7.7%","630,111","54,326","8.6%","4,897,897","464,042","9.5%","2,511,722","253,544","10.1%","1,161,387","95,566","8.2%","1,060,603","93,871","8.9%","1,701,466","245,455","14.4%","1,723,819","260,458","15.1%","544,836","55,302","10.2%","2,386,299","171,633","7.2%","2,684,440","212,548","7.9%","3,822,190","426,659","11.2%","2,147,519","157,282","7.3%","1,098,098","172,064","15.7%","2,295,504","239,643","10.4%","397,734","43,313","10.9%","700,033","56,870","8.1%","1,166,899","130,944","11.2%","553,867","32,213","5.8%","3,570,199","264,323","7.4%","759,043","126,594","16.7%","7,522,055","837,037","11.1%","3,991,065","443,013","11.1%","265,564","19,322","7.3%","4,442,214","487,582","11.0%","1,420,744","172,412","12.1%","1,605,274","167,976","10.5%","4,903,700","476,682","9.7%","409,377","40,296","9.8%","1,916,628","230,128","12.0%","316,665","31,515","10.0%","2,590,061","315,729","12.2%","10,531,164","1,157,938","11.0%","1,048,498","70,575","6.7%","245,894","23,782","9.7%","3,291,156","265,243","8.1%","2,877,761","238,521","8.3%","699,843","107,525","15.4%","2,247,193","178,230","7.9%","216,815","16,110","7.4%","1,237,726","466,140","37.7%"
"        60 years and over","1,128,254","132,192","1,679,618","157,385","9.4%","676,949","76,650","11.3%","7,851,996","830,994","10.6%","1,139,332","90,205","7.9%","842,853","67,772","8.0%","244,027","19,015","7.8%","116,324","21,403","18.4%","5,685,962","624,736","11.0%","2,034,117","220,323","10.8%","350,681","24,703","7.0%","377,773","33,486","8.9%","2,731,124","255,916","9.4%","1,438,699","122,380","8.5%","718,844","53,320","7.4%","626,100","53,279","8.5%","1,001,253","115,832","11.6%","994,217","133,406","13.4%","375,495","36,400","9.7%","1,298,370","96,882","7.5%","1,549,804","137,654","8.9%","2,376,819","227,146","9.6%","1,211,867","95,598","7.9%","650,480","88,108","13.5%","1,406,502","127,003","9.0%","274,664","26,290","9.6%","410,856","31,300","7.6%","656,088","68,012","10.4%","337,912","19,048","5.6%","1,979,537","155,176","7.8%","498,106","70,928","14.2%","4,376,668","511,978","11.7%","2,308,346","216,846","9.4%","155,676","14,906","9.6%","2,716,468","250,531","9.2%","835,995","80,830","9.7%","1,003,301","90,403","9.0%","3,140,519","277,523","8.8%","250,144","25,008","10.0%","1,208,312","128,019","10.6%","198,352","18,074","9.1%","1,518,257","152,309","10.0%","5,036,878","570,870","11.3%","494,032","32,730","6.6%","169,342","15,212","9.0%","1,816,755","156,557","8.6%","1,614,076","121,494","7.5%","482,440","54,619","11.3%","1,363,776","108,433","8.0%","135,255","10,580","7.8%","863,601","332,660","38.5%"
"        65 years and over","812,054","86,398","1,247,263","106,807","8.6%","490,892","50,282","10.2%","5,572,308","586,529","10.5%","793,630","58,878","7.4%","592,201","47,078","7.9%","176,887","10,872","6.1%","83,460","13,957","16.7%","4,291,416","454,105","10.6%","1,425,799","145,725","10.2%","257,264","16,792","6.5%","274,610","23,668","8.6%","1,925,536","170,362","8.8%","1,015,888","80,176","7.9%","515,705","36,603","7.1%","443,575","35,287","8.0%","709,516","72,488","10.2%","698,885","86,719","12.4%","267,600","24,261","9.1%","908,142","66,432","7.3%","1,103,337","100,151","9.1%","1,680,663","151,051","9.0%","858,352","65,054","7.6%","461,025","57,037","12.4%","998,152","82,040","8.2%","195,471","18,420","9.4%","292,316","22,110","7.6%","470,624","46,171","9.8%","236,935","13,089","5.5%","1,400,772","111,863","8.0%","363,241","48,423","13.3%","3,116,844","367,606","11.8%","1,649,045","142,973","8.7%","110,254","11,338","10.3%","1,928,764","166,335","8.6%","600,665","52,362","8.7%","728,431","57,589","7.9%","2,254,045","187,159","8.3%","175,434","19,700","11.2%","881,656","83,540","9.5%","139,869","12,603","9.0%","1,076,649","98,654","9.2%","3,514,628","391,187","11.1%","346,723","21,055","6.1%","120,565","11,206","9.3%","1,292,388","108,340","8.4%","1,143,817","82,890","7.2%","351,987","35,163","10.0%","961,435","76,035","7.9%","94,202","6,851","7.3%","653,327","249,581","38.2%"
"    SEX","","","","","","","","","","","","","","","","","","","","","","","","","","","","","","","","","","","","","","","","","","","","","","","","","","","","","","","","","","","","","","","","","","","","","","","","","","","","","","","","","","","","","","","","","","","","","","","","","","","","","","","","","","","","","","","","","","","","","","","","","","","","","","","","","","","","","","","","","","","","","","","","","","","","","","","",""
"        Male","2,298,424","370,771","3,455,482","454,105","13.1%","1,424,685","214,846","15.1%","19,204,658","2,230,015","11.6%","2,789,919","242,400","8.7%","1,683,399","154,384","9.2%","452,935","52,576","11.6%","317,054","44,156","13.9%","10,132,036","1,268,823","12.5%","4,941,534","632,176","12.8%","686,107","55,678","8.1%","863,284","95,446","11.1%","6,095,067","662,565","10.9%","3,180,841","373,394","11.7%","1,512,260","150,492","10.0%","1,399,263","151,254","10.8%","2,115,365","324,947","15.4%","2,187,030","367,056","16.8%","635,636","65,931","10.4%","2,845,570","225,963","7.9%","3,237,356","291,024","9.0%","4,800,063","617,730","12.9%","2,730,313","238,105","8.7%","1,385,022","239,218","17.3%","2,896,346","351,037","12.1%","521,355","63,966","12.3%","932,016","92,051","9.9%","1,493,300","175,404","11.7%","646,556","44,145","6.8%","4,251,083","359,002","8.4%","1,008,775","184,987","18.3%","9,213,937","1,125,787","12.2%","4,879,385","620,621","12.7%","378,232","38,436","10.2%","5,551,151","701,321","12.6%","1,876,654","269,559","14.4%","2,032,648","234,333","11.5%","6,042,751","678,853","11.2%","496,308","60,485","12.2%","2,379,551","326,340","13.7%","429,532","51,964","12.1%","3,208,462","446,701","13.9%","13,835,779","1,853,119","13.4%","1,564,372","127,056","8.1%","295,420","30,405","10.3%","4,034,681","379,961","9.4%","3,687,180","349,050","9.5%","864,709","143,349","16.6%","2,806,395","282,420","10.1%","283,869","25,538","9.0%","1,501,118","616,743","41.1%"
"        Female","2,465,404","350,098","3,557,962","529,394","14.9%","1,500,763","289,658","19.3%","19,613,796","2,739,311","14.0%","2,787,101","295,092","10.6%","1,784,864","206,993","11.6%","487,851","64,666","13.3%","351,977","63,899","18.2%","10,750,615","1,572,154","14.6%","5,297,124","836,466","15.8%","696,341","66,465","9.5%","859,870","107,818","12.5%","6,352,204","846,682","13.3%","3,308,420","479,244","14.5%","1,543,679","193,012","12.5%","1,426,417","186,921","13.1%","2,210,940","405,461","18.3%","2,341,998","476,570","20.3%","666,305","85,610","12.8%","3,054,249","302,240","9.9%","3,427,727","372,894","10.9%","4,974,061","755,619","15.2%","2,758,031","290,972","10.5%","1,501,426","328,427","21.9%","3,047,312","435,293","14.3%","516,107","71,148","13.8%","943,326","114,290","12.1%","1,498,678","211,923","14.1%","665,450","56,075","8.4%","4,488,221","473,131","10.5%","1,042,984","214,469","20.6%","9,823,627","1,465,604","14.9%","5,221,046","797,252","15.3%","358,439","40,240","11.2%","5,811,153","877,352","15.1%","1,948,373","327,390","16.8%","2,080,494","282,237","13.6%","6,351,249","839,017","13.2%","520,161","70,720","13.6%","2,565,203","428,875","16.7%","422,887","59,662","14.1%","3,394,551","564,315","16.6%","14,238,794","2,327,556","16.3%","1,546,572","153,717","9.9%","305,841","35,608","11.6%","4,229,414","504,686","11.9%","3,713,377","409,963","11.0%","888,767","168,839","19.0%","2,858,758","343,406","12.0%","279,505","36,763","13.2%","1,664,593","746,923","44.9%"
"    RACE AND HISPANIC OR LATINO ORIGIN","","","","","","","","","","","","","","","","","","","","","","","","","","","","","","","","","","","","","","","","","","","","","","","","","","","","","","","","","","","","","","","","","","","","","","","","","","","","","","","","","","","","","","","","","","","","","","","","","","","","","","","","","","","","","","","","","","","","","","","","","","","","","","","","","","","","","","","","","","","","","","","","","","","","","","","",""
"        White alone","3,234,891","464,926","5,486,921","670,088","12.2%","2,244,044","312,912","13.9%","23,136,231","2,743,041","11.9%","4,695,611","408,335","8.7%","2,614,602","204,377","7.8%","644,730","58,898","9.1%","280,647","20,037","7.1%","15,633,596","1,829,740","11.7%","5,996,975","654,458","10.9%","330,638","31,569","9.5%","1,550,333","172,516","11.1%","8,941,073","834,662","9.3%","5,386,341","584,877","10.9%","2,760,739","272,631","9.9%","2,383,208","244,555","10.3%","3,765,168","586,690","15.6%","2,815,645","358,365","12.7%","1,229,684","138,045","11.2%","3,236,539","206,208","6.4%","5,160,564","422,505","8.2%","7,672,206","873,999","11.4%","4,537,631","337,356","7.4%","1,687,314","208,008","12.3%","4,896,803","553,162","11.3%","922,082","105,129","11.4%","1,622,956","154,466","9.5%","1,900,241","197,579","10.4%","1,216,879","86,537","7.1%","5,860,961","433,429","7.4%","1,571,169","271,024","17.2%","12,072,912","1,239,466","10.3%","6,929,735","768,658","11.1%","631,224","56,504","9.0%","9,230,771","1,028,308","11.1%","2,766,176","365,519","13.2%","3,457,248","411,511","11.9%","9,969,777","937,874","9.4%","822,512","89,182","10.8%","3,327,892","356,462","10.7%","718,319","61,731","8.6%","5,116,336","641,530","12.5%","20,695,054","2,864,428","13.8%","2,667,968","212,575","8.0%","566,857","60,097","10.6%","5,586,872","493,699","8.8%","5,542,744","491,866","8.9%","1,638,174","280,251","17.1%","4,842,685","424,619","8.8%","516,148","54,006","10.5%","2,058,934","841,615","40.9%"
"        Black or African American alone","1,261,791","23,967","320,565","62,453","19.5%","436,368","132,623","30.4%","2,183,798","424,631","19.4%","227,729","40,998","18.0%","374,605","69,733","18.6%","207,086","41,929","20.2%","307,995","77,830","25.3%","3,291,774","698,541","21.2%","3,196,234","640,712","20.0%","26,330","1,449","5.5%","11,322","2,934","25.9%","1,719,422","426,837","24.8%","607,488","162,583","26.8%","107,690","33,020","30.7%","160,357","40,545","25.3%","333,084","93,664","28.1%","1,448,658","434,337","30.0%","17,514","3,531","20.2%","1,754,415","232,083","13.2%","515,926","92,336","17.9%","1,327,896","363,270","27.4%","353,979","96,264","27.2%","1,089,708","334,553","30.7%","672,581","173,133","25.7%","N","N","N","87,192","20,624","23.7%","272,539","58,573","21.5%","20,043","5,510","27.5%","1,162,730","188,638","16.2%","43,424","11,596","26.7%","2,956,137","592,130","20.0%","2,135,818","450,218","21.1%","25,088","6,305","25.1%","1,384,012","397,619","28.7%","271,075","74,777","27.6%","78,424","15,758","20.1%","1,344,715","350,658","26.1%","66,887","11,962","17.9%","1,305,150","331,947","25.4%","17,636","2,728","15.5%","1,099,464","290,776","26.4%","3,379,971","662,608","19.6%","38,396","8,006","20.9%","6,930","930","13.4%","1,558,310","271,557","17.4%","282,661","56,543","20.0%","60,718","17,378","28.6%","349,711","111,254","31.8%","N","N","N","397,448","177,787","44.7%"
"        American Indian and Alaska Native alone","21,318","107,926","322,329","107,376","33.3%","20,117","4,679","23.3%","291,058","43,780","15.0%","52,026","9,754","18.7%","9,326","2,316","24.8%","4,311","640","14.8%","N","N","N","58,399","9,952","17.0%","32,736","7,501","22.9%","N","N","N","21,846","5,191","23.8%","34,709","3,606","10.4%","12,801","2,005","15.7%","10,446","1,480","14.2%","24,452","5,706","23.3%","8,007","1,993","24.9%","25,144","4,668","18.6%","8,192","2,865","35.0%","12,654","1,677","13.3%","15,445","3,885","25.2%","51,738","10,310","19.9%","57,648","19,461","33.8%","12,441","5,511","44.3%","26,060","4,051","15.5%","64,033","22,273","34.8%","17,743","5,003","28.2%","43,007","11,806","27.5%","N","N","N","20,658","1,487","7.2%","197,648","66,337","33.6%","82,068","15,955","19.4%","116,428","23,451","20.1%","40,227","10,260","25.5%","24,858","6,282","25.3%","298,706","58,185","19.5%","46,040","10,099","21.9%","19,905","3,415","17.2%","N","N","N","23,405","6,049","25.8%","73,880","38,652","52.3%","18,453","3,920","21.2%","145,864","22,821","15.6%","33,821","9,325","27.6%","N","N","N","20,493","2,580","12.6%","94,649","17,637","18.6%","N","N","N","48,471","10,392","21.4%","14,977","3,719","24.8%","N","N","N"
"        Asian alone","63,405","46,023","233,519","28,479","12.2%","46,691","7,099","15.2%","5,734,820","580,527","10.1%","176,483","17,234","9.8%","162,016","13,021","8.0%","38,894","4,484","11.5%","24,330","2,109","8.7%","586,117","73,480","12.5%","428,672","41,579","9.7%","525,873","27,271","5.2%","26,647","2,448","9.2%","705,078","82,741","11.7%","145,133","25,918","17.9%","77,818","11,257","14.5%","79,788","9,191","11.5%","63,749","8,117","12.7%","74,863","9,484","12.7%","14,583","861","5.9%","372,474","26,008","7.0%","449,172","51,043","11.4%","317,025","41,453","13.1%","266,899","34,389","12.9%","25,273","4,498","17.8%","116,993","10,545","9.0%","7,997","754","9.4%","44,129","5,356","12.1%","248,678","22,821","9.2%","34,550","4,031","11.7%","851,198","61,026","7.2%","33,480","4,061","12.1%","1,630,354","235,308","14.4%","300,144","38,272","12.8%","13,350","2,080","15.6%","262,297","31,027","11.8%","83,120","11,607","14.0%","186,490","20,989","11.3%","439,388","58,993","13.4%","33,796","6,824","20.2%","78,395","8,301","10.6%","14,480","1,718","11.9%","116,037","13,543","11.7%","1,410,236","152,681","10.8%","74,987","9,555","12.7%","11,213","2,076","18.5%","545,335","45,165","8.3%","650,749","65,010","10.0%","13,210","2,739","20.7%","161,905","26,433","16.3%","N","N","N","N","N","N"
"        Native Hawaiian and Other Pacific Islander alone","N","7,846","14,692","1,268","8.6%","9,132","2,776","30.4%","152,405","22,154","14.5%","N","N","N","N","N","N","N","N","N","N","N","N","12,617","2,343","18.6%","N","N","N","140,599","23,776","16.9%","N","N","N","N","N","N","N","N","N","N","N","N","N","N","N","N","N","N","N","N","N","N","N","N","N","N","N","N","N","N","N","N","N","N","N","N","N","N","N","7,119","834","11.7%","N","N","N","N","N","N","19,437","2,196","11.3%","N","N","N","N","N","N","N","N","N","9,105","2,473","27.2%","9,395","2,562","27.3%","N","N","N","N","N","N","3,764","736","19.6%","18,253","3,951","21.6%","N","N","N","N","N","N","N","N","N","N","N","N","5,343","1,910","35.7%","20,700","2,932","14.2%","29,062","3,122","10.7%","N","N","N","5,172","649","12.5%","52,393","8,703","16.6%","N","N","N","N","N","N","N","N","N","N","N","N"
"        Some other race alone","83,031","9,732","355,393","68,178","19.2%","82,557","20,757","25.1%","5,359,898","924,758","17.3%","193,436","31,733","16.4%","189,785","52,645","27.7%","19,562","5,172","26.4%","30,115","5,183","17.2%","698,676","141,645","20.3%","292,540","68,782","23.5%","16,391","798","4.9%","58,387","10,653","18.2%","708,479","108,274","15.3%","160,282","35,203","22.0%","30,185","7,627","25.3%","71,958","15,762","21.9%","49,995","15,964","31.9%","61,038","12,565","20.6%","N","N","N","299,922","42,213","14.1%","296,907","61,238","20.6%","117,440","22,486","19.1%","101,410","15,649","15.4%","27,598","5,347","19.4%","54,311","11,969","22.0%","5,698","747","13.1%","44,915","10,837","24.1%","354,326","69,161","19.5%","8,775","1,390","15.8%","598,049","120,812","20.2%","139,058","33,840","24.3%","1,657,736","394,438","23.8%","322,110","78,832","24.5%","9,312","1,396","15.0%","109,857","28,554","26.0%","107,893","28,018","26.0%","135,767","25,009","18.4%","298,058","99,714","33.5%","58,015","17,074","29.4%","91,485","27,580","30.1%","N","N","N","98,860","25,376","25.7%","1,682,673","373,554","22.2%","167,012","28,097","16.8%","N","N","N","209,399","35,161","16.8%","337,336","62,403","18.5%","5,984","1,271","21.2%","119,925","26,685","22.3%","8,450","1,969","23.3%","546,795","276,928","50.6%"
"        Two or more races","97,667","60,449","280,025","45,657","16.3%","86,539","23,658","27.3%","1,960,244","230,435","11.8%","224,223","28,955","12.9%","116,912","19,102","16.3%","25,337","6,065","23.9%","23,741","2,667","11.2%","601,472","85,276","14.2%","277,615","51,673","18.6%","339,541","36,461","10.7%","52,031","8,855","17.0%","333,348","52,725","15.8%","173,746","41,796","24.1%","65,675","16,650","25.4%","103,302","22,219","21.5%","101,540","21,514","21.2%","102,547","23,957","23.4%","28,350","5,198","18.3%","216,560","20,000","9.2%","224,294","32,514","14.5%","283,976","61,476","21.6%","168,444","25,680","15.2%","42,935","9,250","21.5%","169,791","32,636","19.2%","31,798","5,469","17.2%","57,186","9,963","17.4%","153,750","25,191","16.4%","27,752","2,509","9.0%","242,799","26,535","10.9%","64,515","12,136","18.8%","629,252","111,621","17.7%","286,801","55,880","19.5%","17,135","1,953","11.4%","346,561","85,404","24.6%","294,293","58,107","19.7%","190,920","29,253","15.3%","317,404","66,593","21.0%","30,569","4,981","16.3%","114,727","23,697","20.7%","22,428","5,264","23.5%","148,520","33,961","22.9%","740,075","101,651","13.7%","99,698","10,093","10.1%","11,952","2,342","19.6%","338,514","35,836","10.6%","440,025","56,851","12.9%","32,434","10,032","30.9%","140,641","26,087","18.5%","13,520","1,317","9.7%","152,610","63,305","41.5%"
"        Hispanic or Latino origin (of any race)","206,755","51,952","2,214,446","434,617","19.6%","225,030","53,598","23.8%","15,275,431","2,522,812","16.5%","1,205,551","175,140","14.5%","575,681","134,846","23.4%","89,340","17,744","19.9%","75,643","9,862","13.0%","5,493,364","933,824","17.0%","998,046","212,499","21.3%","145,813","17,110","11.7%","217,658","45,053","20.7%","2,175,270","317,257","14.6%","461,239","97,226","21.1%","186,209","37,417","20.1%","338,740","65,723","19.4%","155,266","38,568","24.8%","229,848","50,836","22.1%","20,688","5,389","26.0%","617,303","74,818","12.1%","824,298","194,305","23.6%","504,554","99,815","19.8%","300,637","56,128","18.7%","81,592","19,779","24.2%","245,258","47,960","19.6%","40,463","5,180","12.8%","207,920","41,753","20.1%","868,977","147,535","17.0%","50,156","10,563","21.1%","1,815,887","310,509","17.1%","1,006,263","232,785","23.1%","3,670,609","781,088","21.3%","972,095","240,781","24.8%","26,313","4,459","16.9%","441,653","104,992","23.8%","415,131","95,343","23.0%","546,290","99,169","18.2%","941,442","247,710","26.3%","162,700","47,680","29.3%","285,091","77,115","27.0%","32,630","7,363","22.6%","363,851","88,555","24.3%","11,172,900","2,333,851","20.9%","440,269","69,395","15.8%","11,194","2,149","19.2%","788,741","100,988","12.8%","952,214","155,969","16.4%","23,560","4,165","17.7%","393,060","73,033","18.6%","56,158","11,324","20.2%","3,125,009","1,348,583","43.2%"
"        White alone, not Hispanic or Latino","3,123,901","434,277","3,820,126","343,953","9.0%","2,113,842","286,196","13.5%","14,244,413","1,287,610","9.0%","3,788,167","282,973","7.5%","2,300,370","140,221","6.1%","584,406","48,371","8.3%","245,474","15,767","6.4%","11,129,598","1,091,364","9.8%","5,374,920","530,610","9.9%","295,269","27,374","9.3%","1,411,247","144,048","10.2%","7,594,356","641,473","8.4%","5,120,341","531,604","10.4%","2,614,232","244,599","9.4%","2,144,757","202,742","9.5%","3,669,966","566,242","15.4%","2,664,376","324,313","12.2%","1,214,331","133,986","11.0%","2,972,090","175,979","5.9%","4,720,925","317,956","6.7%","7,332,776","808,100","11.0%","4,368,644","304,246","7.0%","1,639,226","194,743","11.9%","4,724,452","519,575","11.0%","893,673","101,613","11.4%","1,475,587","125,766","8.5%","1,451,197","129,680","8.9%","1,182,110","79,156","6.7%","4,784,084","263,464","5.5%","759,055","88,776","11.7%","10,524,371","961,247","9.1%","6,352,932","621,514","9.8%","617,303","54,106","8.8%","8,951,932","966,796","10.8%","2,500,248","307,808","12.3%","3,095,754","344,261","11.1%","9,452,620","825,522","8.7%","726,907","60,245","8.3%","3,156,619","314,527","10.0%","696,976","58,673","8.4%","4,871,770","582,951","12.0%","11,633,748","987,132","8.5%","2,424,335","175,448","7.2%","558,277","58,422","10.5%","5,086,996","432,971","8.5%","5,028,353","413,252","8.2%","1,621,584","277,102","17.1%","4,600,736","385,204","8.4%","474,102","46,318","9.8%","30,487","11,796","38.7%"
"    EDUCATIONAL ATTAINMENT","","","","","","","","","","","","","","","","","","","","","","","","","","","","","","","","","","","","","","","","","","","","","","","","","","","","","","","","","","","","","","","","","","","","","","","","","","","","","","","","","","","","","","","","","","","","","","","","","","","","","","","","","","","","","","","","","","","","","","","","","","","","","","","","","","","","","","","","","","","","","","","","","","","","","","","",""
"        Population 25 years and over","3,277,745","478,760","4,760,442","530,909","11.2%","1,977,082","264,252","13.4%","26,482,989","2,772,904","10.5%","3,846,402","298,076","7.7%","2,455,160","215,440","8.8%","669,042","67,261","10.1%","493,992","61,948","12.5%","15,077,833","1,716,353","11.4%","6,854,336","779,412","11.4%","981,251","74,597","7.6%","1,128,847","105,269","9.3%","8,558,519","839,871","9.8%","4,382,852","445,669","10.2%","2,066,198","175,332","8.5%","1,873,040","170,161","9.1%","2,974,275","412,878","13.9%","3,048,288","456,264","15.0%","970,661","100,307","10.3%","4,107,891","306,039","7.5%","4,765,515","405,263","8.5%","6,775,474","755,784","11.2%","3,757,888","289,322","7.7%","1,925,773","299,388","15.5%","4,094,908","425,674","10.4%","724,950","76,886","10.6%","1,245,259","105,887","8.5%","2,073,062","229,836","11.1%","956,336","59,376","6.2%","6,105,702","481,565","7.9%","1,393,563","227,258","16.3%","13,472,753","1,550,288","11.5%","6,998,606","775,441","11.1%","491,096","42,092","8.6%","7,874,759","875,662","11.1%","2,549,337","307,478","12.1%","2,918,965","305,277","10.5%","8,816,519","869,586","9.9%","729,069","81,330","11.2%","3,437,841","411,352","12.0%","570,164","57,787","10.1%","4,563,500","553,176","12.1%","18,135,150","2,084,809","11.5%","1,852,741","129,656","7.0%","440,388","41,371","9.4%","5,726,533","489,912","8.6%","5,159,267","437,344","8.5%","1,255,405","180,883","14.4%","3,930,440","333,356","8.5%","387,155","32,551","8.4%","2,268,253","882,680","38.9%"
"            Less than high school graduate","428,506","31,656","586,805","147,114","25.1%","248,034","65,359","26.4%","4,252,245","884,052","20.8%","305,435","57,274","18.8%","216,155","51,296","23.7%","65,039","13,882","21.3%","38,175","14,685","38.5%","1,699,004","406,583","23.9%","825,863","217,480","26.3%","77,213","12,595","16.3%","101,339","18,744","18.5%","872,464","194,716","22.3%","471,863","112,591","23.9%","154,844","32,900","21.2%","165,079","37,262","22.6%","382,731","120,952","31.6%","413,275","137,194","33.2%","66,093","16,457","24.9%","381,715","69,926","18.3%","429,660","98,971","23.0%","593,226","164,334","27.7%","244,606","59,367","24.3%","270,642","86,191","31.8%","380,988","98,835","25.9%","42,652","11,272","26.4%","103,777","21,670","20.9%","268,541","55,906","20.8%","64,060","11,180","17.5%","586,314","131,111","22.4%","198,444","66,287","33.4%","1,700,842","470,675","27.7%","805,993","213,336","26.5%","36,054","9,406","26.1%","709,388","201,239","28.4%","285,613","72,748","25.5%","274,431","58,451","21.3%","773,110","181,932","23.5%","77,613","22,526","29.0%","385,358","107,941","28.0%","42,447","10,893","25.7%","541,864","152,874","28.2%","2,864,121","703,353","24.6%","137,609","25,175","18.3%","27,564","8,227","29.8%","564,828","123,291","21.8%","427,996","84,922","19.8%","150,000","44,922","29.9%","302,050","67,963","22.5%","25,425","5,722","22.5%","506,366","311,508","61.5%"
"            High school graduate (includes equivalency)","1,002,824","133,759","1,129,521","155,274","13.7%","667,124","103,022","15.4%","5,455,998","717,356","13.1%","788,398","81,534","10.3%","651,539","78,720","12.1%","221,879","29,023","13.1%","80,323","19,702","24.5%","4,291,484","597,469","13.9%","1,890,691","273,737","14.5%","260,045","27,405","10.5%","311,893","37,605","12.1%","2,212,037","280,767","12.7%","1,437,825","167,276","11.6%","629,953","69,327","11.0%","469,203","58,288","12.4%","965,030","156,368","16.2%","1,040,781","182,516","17.5%","302,809","39,471","13.0%","982,605","112,332","11.4%","1,103,449","132,353","12.0%","1,926,790","282,761","14.7%","896,143","97,707","10.9%","568,876","111,281","19.6%","1,224,956","160,939","13.1%","201,424","29,571","14.7%","316,897","36,557","11.5%","573,140","73,972","12.9%","262,111","23,690","9.0%","1,589,297","160,175","10.1%","364,117","69,951","19.2%","3,462,072","497,263","14.4%","1,764,365","255,426","14.5%","125,142","13,825","11.0%","2,557,850","345,510","13.5%","791,851","119,787","15.1%","642,648","93,606","14.6%","3,020,947","369,187","12.2%","205,998","30,389","14.8%","1,021,895","158,247","15.5%","174,555","22,400","12.8%","1,443,984","218,855","15.2%","4,491,129","634,498","14.1%","419,025","38,898","9.3%","125,728","16,771","13.3%","1,356,659","173,719","12.8%","1,116,771","130,487","11.7%","495,961","76,509","15.4%","1,192,717","126,669","10.6%","110,613","10,369","9.4%","638,393","290,378","45.5%"
"            Some college, associate's degree","998,639","167,511","1,610,410","157,395","9.8%","595,111","72,418","12.2%","7,635,967","731,051","9.6%","1,131,733","93,873","8.3%","603,954","49,095","8.1%","169,914","15,712","9.2%","74,556","13,168","17.7%","4,455,984","433,983","9.7%","1,920,594","195,733","10.2%","312,353","21,497","6.9%","400,096","34,954","8.7%","2,436,097","235,319","9.7%","1,269,679","116,983","9.2%","674,845","53,141","7.9%","597,010","51,316","8.6%","878,011","103,986","11.8%","840,158","97,219","11.6%","293,014","28,389","9.7%","1,048,559","72,825","6.9%","1,094,848","90,112","8.2%","2,230,873","223,924","10.0%","1,225,185","86,138","7.0%","630,521","79,099","12.5%","1,260,026","118,970","9.4%","248,926","26,694","10.7%","415,567","34,294","8.3%","710,658","71,299","10.0%","274,513","13,600","5.0%","1,413,749","105,819","7.5%","440,685","64,451","14.6%","3,244,796","328,147","10.1%","2,169,870","214,058","9.9%","182,148","12,574","6.9%","2,296,016","239,443","10.4%","807,511","86,077","10.7%","1,003,310","101,423","10.1%","2,174,989","203,866","9.4%","192,736","15,906","8.3%","1,045,744","106,164","10.2%","184,194","17,435","9.5%","1,307,873","128,200","9.8%","5,200,963","497,155","9.6%","645,805","40,132","6.2%","115,724","8,513","7.4%","1,524,649","123,348","8.1%","1,710,553","147,390","8.6%","337,730","45,480","13.5%","1,241,754","96,308","7.8%","146,226","11,719","8.0%","516,021","180,389","35.0%"
"            Bachelor's degree or higher","847,776","145,834","1,433,706","71,126","5.0%","466,813","23,453","5.0%","9,138,779","440,445","4.8%","1,620,836","65,395","4.0%","983,512","36,329","3.7%","212,210","8,644","4.1%","300,938","14,393","4.8%","4,631,361","278,318","6.0%","2,217,188","92,462","4.2%","331,640","13,100","4.0%","315,519","13,966","4.4%","3,037,921","129,069","4.2%","1,203,485","48,819","4.1%","606,556","19,964","3.3%","641,748","23,295","3.6%","748,503","31,572","4.2%","754,074","39,335","5.2%","308,745","15,990","5.2%","1,695,012","50,956","3.0%","2,137,558","83,827","3.9%","2,024,585","84,765","4.2%","1,391,954","46,110","3.3%","455,734","22,817","5.0%","1,228,938","46,930","3.8%","231,948","9,349","4.0%","409,018","13,366","3.3%","520,723","28,659","5.5%","355,652","10,906","3.1%","2,516,342","84,460","3.4%","390,317","26,569","6.8%","5,065,043","254,203","5.0%","2,258,378","92,621","4.1%","147,752","6,287","4.3%","2,311,505","89,470","3.9%","664,362","28,866","4.3%","998,576","51,797","5.2%","2,847,473","114,601","4.0%","252,722","12,509","4.9%","984,844","39,000","4.0%","168,968","7,059","4.2%","1,269,779","53,247","4.2%","5,578,937","249,803","4.5%","650,302","25,451","3.9%","171,372","7,860","4.6%","2,280,397","69,554","3.1%","1,903,947","74,545","3.9%","271,714","13,972","5.1%","1,193,919","42,416","3.6%","104,891","4,741","4.5%","607,473","100,405","16.5%"
"    EMPLOYMENT STATUS","","","","","","","","","","","","","","","","","","","","","","","","","","","","","","","","","","","","","","","","","","","","","","","","","","","","","","","","","","","","","","","","","","","","","","","","","","","","","","","","","","","","","","","","","","","","","","","","","","","","","","","","","","","","","","","","","","","","","","","","","","","","","","","","","","","","","","","","","","","","","","","","","","","","","","","",""
"        Civilian labor force 16 years and over","2,207,384","370,092","3,378,989","265,581","7.9%","1,371,578","131,772","9.6%","19,960,561","1,367,802","6.9%","3,087,278","173,591","5.6%","1,908,870","113,866","6.0%","483,202","33,624","7.0%","402,454","32,037","8.0%","10,234,230","749,364","7.3%","5,172,870","390,845","7.6%","706,966","34,847","4.9%","836,890","61,695","7.4%","6,623,753","454,819","6.9%","3,355,133","244,267","7.3%","1,653,474","118,646","7.2%","1,485,078","116,065","7.8%","2,082,911","184,318","8.8%","2,140,578","217,819","10.2%","696,053","42,881","6.2%","3,233,650","162,881","5.0%","3,731,768","175,255","4.7%","4,936,431","407,008","8.2%","3,047,711","175,188","5.7%","1,318,310","143,250","10.9%","3,033,935","221,430","7.3%","538,654","44,875","8.3%","1,023,184","74,471","7.3%","1,530,480","109,060","7.1%","745,501","27,133","3.6%","4,705,683","231,591","4.9%","928,524","105,821","11.4%","9,912,791","655,547","6.6%","5,097,110","412,021","8.1%","405,855","28,337","7.0%","5,876,759","463,656","7.9%","1,859,043","170,173","9.2%","2,125,233","164,103","7.7%","6,505,422","424,942","6.5%","548,286","35,983","6.6%","2,424,526","204,908","8.5%","461,627","35,533","7.7%","3,290,319","287,651","8.7%","14,128,457","1,131,341","8.0%","1,571,266","96,160","6.1%","336,705","21,056","6.3%","4,331,012","247,746","5.7%","3,843,266","225,238","5.9%","781,287","75,060","9.6%","3,064,883","209,748","6.8%","297,029","21,312","7.2%","1,181,519","343,563","29.1%"
"            Employed","2,083,330","344,700","3,200,287","215,916","6.7%","1,310,782","107,891","8.2%","18,867,391","1,073,579","5.7%","2,967,737","140,659","4.7%","1,803,278","85,527","4.7%","455,494","25,781","5.7%","371,915","17,163","4.6%","9,709,592","588,135","6.1%","4,928,770","313,240","6.4%","679,811","28,176","4.1%","803,967","54,630","6.8%","6,258,807","343,954","5.5%","3,208,726","198,002","6.2%","1,595,378","100,061","6.3%","1,430,307","98,594","6.9%","1,975,779","146,404","7.4%","2,005,032","161,427","8.1%","671,844","36,406","5.4%","3,075,957","123,546","4.0%","3,560,051","137,206","3.9%","4,674,793","319,291","6.8%","2,945,779","146,571","5.0%","1,224,058","106,404","8.7%","2,906,624","179,629","6.2%","520,049","38,860","7.5%","989,166","61,609","6.2%","1,445,310","84,140","5.8%","719,651","21,552","3.0%","4,476,341","182,029","4.1%","872,783","86,916","10.0%","9,424,054","510,504","5.4%","4,846,771","333,574","6.9%","395,126","24,036","6.1%","5,591,160","363,700","6.5%","1,779,992","140,211","7.9%","2,020,195","133,348","6.6%","6,190,351","334,613","5.4%","518,908","27,268","5.3%","2,298,058","163,732","7.1%","448,344","30,140","6.7%","3,111,617","219,982","7.1%","13,442,566","939,987","7.0%","1,521,838","82,986","5.5%","323,840","17,763","5.5%","4,153,064","204,972","4.9%","3,680,827","181,113","4.9%","736,919","57,713","7.8%","2,968,682","179,995","6.1%","285,894","18,078","6.3%","1,003,599","222,612","22.2%"
"                Male","1,084,709","182,981","1,705,177","108,869","6.4%","685,961","42,966","6.3%","10,185,501","511,410","5.0%","1,587,557","60,802","3.8%","928,575","34,601","3.7%","230,720","11,407","4.9%","178,191","6,049","3.4%","5,067,657","269,565","5.3%","2,548,666","129,768","5.1%","348,551","13,916","4.0%","437,147","23,648","5.4%","3,276,364","144,639","4.4%","1,685,083","79,897","4.7%","836,041","39,855","4.8%","758,934","43,621","5.7%","1,036,083","66,594","6.4%","1,026,012","61,207","6.0%","341,628","15,286","4.5%","1,558,439","49,598","3.2%","1,808,172","54,525","3.0%","2,450,864","133,724","5.5%","1,523,085","59,710","3.9%","627,321","38,248","6.1%","1,488,951","78,345","5.3%","272,794","17,779","6.5%","520,421","27,024","5.2%","770,569","38,028","4.9%","376,398","8,288","2.2%","2,354,409","77,248","3.3%","457,270","37,339","8.2%","4,843,707","225,712","4.7%","2,502,264","143,882","5.8%","214,066","11,669","5.5%","2,891,218","149,911","5.2%","943,671","61,290","6.5%","1,066,451","61,512","5.8%","3,207,616","141,884","4.4%","263,320","12,318","4.7%","1,175,075","64,633","5.5%","232,919","13,820","5.9%","1,618,514","95,027","5.9%","7,307,060","444,698","6.1%","844,775","36,944","4.4%","161,322","6,407","4.0%","2,155,583","83,152","3.9%","1,972,252","79,104","4.0%","388,028","25,275","6.5%","1,543,972","72,281","4.7%","154,674","7,197","4.7%","533,060","115,046","21.6%"
"                Female","998,621","161,719","1,495,110","107,047","7.2%","624,821","64,925","10.4%","8,681,890","562,169","6.5%","1,380,180","79,857","5.8%","874,703","50,926","5.8%","224,774","14,374","6.4%","193,724","11,114","5.7%","4,641,935","318,570","6.9%","2,380,104","183,472","7.7%","331,260","14,260","4.3%","366,820","30,982","8.4%","2,982,443","199,315","6.7%","1,523,643","118,105","7.8%","759,337","60,206","7.9%","671,373","54,973","8.2%","939,696","79,810","8.5%","979,020","100,220","10.2%","330,216","21,120","6.4%","1,517,518","73,948","4.9%","1,751,879","82,681","4.7%","2,223,929","185,567","8.3%","1,422,694","86,861","6.1%","596,737","68,156","11.4%","1,417,673","101,284","7.1%","247,255","21,081","8.5%","468,745","34,585","7.4%","674,741","46,112","6.8%","343,253","13,264","3.9%","2,121,932","104,781","4.9%","415,513","49,577","11.9%","4,580,347","284,792","6.2%","2,344,507","189,692","8.1%","181,060","12,367","6.8%","2,699,942","213,789","7.9%","836,321","78,921","9.4%","953,744","71,836","7.5%","2,982,735","192,729","6.5%","255,588","14,950","5.8%","1,122,983","99,099","8.8%","215,425","16,320","7.6%","1,493,103","124,955","8.4%","6,135,506","495,289","8.1%","677,063","46,042","6.8%","162,518","11,356","7.0%","1,997,481","121,820","6.1%","1,708,575","102,009","6.0%","348,891","32,438","9.3%","1,424,710","107,714","7.6%","131,220","10,881","8.3%","470,539","107,566","22.9%"
"            Unemployed","124,054","25,392","178,702","49,665","27.8%","60,796","23,881","39.3%","1,093,170","294,223","26.9%","119,541","32,932","27.5%","105,592","28,339","26.8%","27,708","7,843","28.3%","30,539","14,874","48.7%","524,638","161,229","30.7%","244,100","77,605","31.8%","27,155","6,671","24.6%","32,923","7,065","21.5%","364,946","110,865","30.4%","146,407","46,265","31.6%","58,096","18,585","32.0%","54,771","17,471","31.9%","107,132","37,914","35.4%","135,546","56,392","41.6%","24,209","6,475","26.7%","157,693","39,335","24.9%","171,717","38,049","22.2%","261,638","87,717","33.5%","101,932","28,617","28.1%","94,252","36,846","39.1%","127,311","41,801","32.8%","18,605","6,015","32.3%","34,018","12,862","37.8%","85,170","24,920","29.3%","25,850","5,581","21.6%","229,342","49,562","21.6%","55,741","18,905","33.9%","488,737","145,043","29.7%","250,339","78,447","31.3%","10,729","4,301","40.1%","285,599","99,956","35.0%","79,051","29,962","37.9%","105,038","30,755","29.3%","315,071","90,329","28.7%","29,378","8,715","29.7%","126,468","41,176","32.6%","13,283","5,393","40.6%","178,702","67,669","37.9%","685,891","191,354","27.9%","49,428","13,174","26.7%","12,865","3,293","25.6%","177,948","42,774","24.0%","162,439","44,125","27.2%","44,368","17,347","39.1%","96,201","29,753","30.9%","11,135","3,234","29.0%","177,920","120,951","68.0%"
"                Male","63,749","16,131","96,831","25,737","26.6%","32,296","11,420","35.4%","577,469","148,211","25.7%","68,023","17,664","26.0%","57,193","13,007","22.7%","14,494","3,988","27.5%","14,528","6,476","44.6%","270,235","77,400","28.6%","118,022","31,292","26.5%","15,177","3,628","23.9%","16,384","3,728","22.8%","190,657","53,610","28.1%","77,271","20,792","26.9%","31,181","8,300","26.6%","28,131","8,033","28.6%","56,649","18,050","31.9%","73,852","26,837","36.3%","15,076","3,326","22.1%","78,153","17,248","22.1%","94,322","19,284","20.4%","148,005","46,407","31.4%","58,157","14,226","24.5%","45,849","14,946","32.6%","72,847","21,896","30.1%","11,815","3,425","29.0%","18,978","6,869","36.2%","45,975","13,221","28.8%","16,251","3,396","20.9%","120,727","24,142","20.0%","31,191","10,349","33.2%","268,088","73,781","27.5%","123,129","34,381","27.9%","6,405","2,158","33.7%","160,576","48,136","30.0%","42,721","15,749","36.9%","55,734","14,463","26.0%","174,212","44,329","25.4%","18,184","4,875","26.8%","61,831","15,451","25.0%","8,127","3,112","38.3%","89,701","30,884","34.4%","367,070","88,527","24.1%","27,160","5,880","21.6%","8,270","2,356","28.5%","91,037","19,211","21.1%","89,260","24,305","27.2%","25,314","7,925","31.3%","54,457","16,195","29.7%","6,167","1,331","21.6%","94,224","61,200","65.0%"
"                Female","60,305","9,261","81,871","23,928","29.2%","28,500","12,461","43.7%","515,701","146,012","28.3%","51,518","15,268","29.6%","48,399","15,332","31.7%","13,214","3,855","29.2%","16,011","8,398","52.5%","254,403","83,829","33.0%","126,078","46,313","36.7%","11,978","3,043","25.4%","16,539","3,337","20.2%","174,289","57,255","32.9%","69,136","25,473","36.8%","26,915","10,285","38.2%","26,640","9,438","35.4%","50,483","19,864","39.3%","61,694","29,555","47.9%","9,133","3,149","34.5%","79,540","22,087","27.8%","77,395","18,765","24.2%","113,633","41,310","36.4%","43,775","14,391","32.9%","48,403","21,900","45.2%","54,464","19,905","36.5%","6,790","2,590","38.1%","15,040","5,993","39.8%","39,195","11,699","29.8%","9,599","2,185","22.8%","108,615","25,420","23.4%","24,550","8,556","34.9%","220,649","71,262","32.3%","127,210","44,066","34.6%","4,324","2,143","49.6%","125,023","51,820","41.4%","36,330","14,213","39.1%","49,304","16,292","33.0%","140,859","46,000","32.7%","11,194","3,840","34.3%","64,637","25,725","39.8%","5,156","2,281","44.2%","89,001","36,785","41.3%","318,821","102,827","32.3%","22,268","7,294","32.8%","4,595","937","20.4%","86,911","23,563","27.1%","73,179","19,820","27.1%","19,054","9,422","49.4%","41,744","13,558","32.5%","4,968","1,903","38.3%","83,696","59,751","71.4%"
"    WORK EXPERIENCE","","","","","","","","","","","","","","","","","","","","","","","","","","","","","","","","","","","","","","","","","","","","","","","","","","","","","","","","","","","","","","","","","","","","","","","","","","","","","","","","","","","","","","","","","","","","","","","","","","","","","","","","","","","","","","","","","","","","","","","","","","","","","","","","","","","","","","","","","","","","","","","","","","","","","","","",""
"        Population 16 years and over","3,824,668","559,276","5,579,658","692,712","12.4%","2,312,881","349,029","15.1%","30,946,533","3,591,488","11.6%","4,463,070","402,905","9.0%","2,836,473","269,118","9.5%","765,659","83,907","11.0%","554,218","82,097","14.8%","17,203,473","2,104,389","12.2%","8,068,506","1,012,374","12.5%","1,115,395","90,100","8.1%","1,332,303","146,124","11.0%","9,957,702","1,100,920","11.1%","5,133,365","608,042","11.8%","2,418,906","256,718","10.6%","2,212,230","245,255","11.1%","3,454,848","525,641","15.2%","3,565,147","586,798","16.5%","1,090,758","120,880","11.1%","4,730,095","393,165","8.3%","5,486,283","518,304","9.4%","7,908,445","1,000,222","12.6%","4,350,175","393,895","9.1%","2,271,941","393,440","17.3%","4,752,220","565,767","11.9%","837,721","103,365","12.3%","1,460,593","152,675","10.5%","2,389,716","280,032","11.7%","1,090,953","75,729","6.9%","7,031,965","594,094","8.4%","1,638,020","290,197","17.7%","15,503,223","1,928,710","12.4%","8,106,959","1,007,464","12.4%","580,421","63,096","10.9%","9,127,937","1,130,427","12.4%","2,990,367","410,064","13.7%","3,356,975","397,104","11.8%","10,103,860","1,127,047","11.2%","843,868","99,134","11.7%","3,980,422","531,240","13.3%","665,528","81,725","12.3%","5,291,022","710,591","13.4%","21,572,682","2,784,219","12.9%","2,290,790","202,715","8.8%","502,544","53,993","10.7%","6,631,105","657,781","9.9%","5,944,447","574,929","9.7%","1,443,862","235,367","16.3%","4,568,900","468,838","10.3%","448,572","46,342","10.3%","2,660,166","1,070,969","40.3%"
"            Worked full-time, year-round in the past 12 months","1,558,362","243,287","2,294,152","66,982","2.9%","982,977","38,417","3.9%","13,124,730","328,464","2.5%","2,137,674","35,977","1.7%","1,250,088","16,979","1.4%","328,978","8,555","2.6%","301,089","3,461","1.1%","7,019,753","198,321","2.8%","3,682,991","108,474","2.9%","520,876","7,584","1.5%","553,458","15,038","2.7%","4,471,962","97,326","2.2%","2,314,247","58,011","2.5%","1,149,714","28,616","2.5%","1,037,046","27,458","2.6%","1,423,529","44,179","3.1%","1,486,215","60,117","4.0%","463,457","8,397","1.8%","2,294,900","35,876","1.6%","2,461,566","28,299","1.1%","3,230,088","80,512","2.5%","2,065,848","35,406","1.7%","917,904","40,820","4.4%","2,120,842","56,233","2.7%","350,693","11,007","3.1%","723,097","17,740","2.5%","1,046,957","28,216","2.7%","508,522","3,345","0.7%","3,247,867","54,971","1.7%","630,526","28,870","4.6%","6,787,169","137,755","2.0%","3,547,035","106,772","3.0%","297,766","6,614","2.2%","4,001,970","98,754","2.5%","1,324,274","47,515","3.6%","1,382,993","35,005","2.5%","4,447,319","90,273","2.0%","360,417","5,678","1.6%","1,682,608","54,957","3.3%","326,360","8,998","2.8%","2,315,687","79,315","3.4%","10,051,652","364,518","3.6%","1,029,403","21,361","2.1%","216,934","2,723","1.3%","3,110,885","57,739","1.9%","2,605,444","42,252","1.6%","533,833","16,240","3.0%","2,125,146","48,603","2.3%","206,877","5,730","2.8%","661,189","69,438","10.5%"
"            Worked part-time or part-year in the past 12 months","729,862","158,463","1,219,496","204,575","16.8%","448,268","98,204","21.9%","7,327,587","1,015,062","13.9%","1,109,960","151,741","13.7%","711,196","92,754","13.0%","169,169","25,967","15.3%","104,741","22,947","21.9%","3,509,212","531,903","15.2%","1,664,219","283,057","17.0%","238,790","28,655","12.0%","348,248","56,715","16.3%","2,341,641","346,097","14.8%","1,185,547","207,158","17.5%","587,341","101,793","17.3%","527,409","94,650","17.9%","749,176","149,305","19.9%","705,886","142,483","20.2%","273,525","39,962","14.6%","1,057,630","126,593","12.0%","1,419,584","155,465","11.0%","1,910,021","339,181","17.8%","1,130,054","152,247","13.5%","438,827","95,764","21.8%","1,064,305","183,013","17.2%","229,632","40,070","17.4%","356,050","61,168","17.2%","529,129","78,016","14.7%","272,564","25,167","9.2%","1,580,000","165,558","10.5%","335,883","77,365","23.0%","3,421,580","516,447","15.1%","1,781,526","316,070","17.7%","137,342","25,447","18.5%","2,119,759","381,991","18.0%","630,282","133,111","21.1%","844,458","137,721","16.3%","2,312,196","355,223","15.4%","198,768","26,867","13.5%","840,447","154,148","18.3%","164,650","30,760","18.7%","1,089,467","205,267","18.8%","4,550,378","796,830","17.5%","629,226","81,655","13.0%","140,661","20,706","14.7%","1,455,477","208,080","14.3%","1,453,937","201,629","13.9%","277,221","61,331","22.1%","1,107,096","181,782","16.4%","108,349","17,881","16.5%","422,038","186,867","44.3%"
"            Did not work","1,536,444","157,526","2,066,010","421,155","20.4%","881,636","212,408","24.1%","10,494,216","2,247,962","21.4%","1,215,436","215,187","17.7%","875,189","159,385","18.2%","267,512","49,385","18.5%","148,388","55,689","37.5%","6,674,508","1,374,165","20.6%","2,721,296","620,843","22.8%","355,729","53,861","15.1%","430,597","74,371","17.3%","3,144,099","657,497","20.9%","1,633,571","342,873","21.0%","681,851","126,309","18.5%","647,775","123,147","19.0%","1,282,143","332,157","25.9%","1,373,046","384,198","28.0%","353,776","72,521","20.5%","1,377,565","230,696","16.7%","1,605,133","334,540","20.8%","2,768,336","580,529","21.0%","1,154,273","206,242","17.9%","915,210","256,856","28.1%","1,567,073","326,521","20.8%","257,396","52,288","20.3%","381,446","73,767","19.3%","813,630","173,800","21.4%","309,867","47,217","15.2%","2,204,098","373,565","16.9%","671,611","183,962","27.4%","5,294,474","1,274,508","24.1%","2,778,398","584,622","21.0%","145,313","31,035","21.4%","3,006,208","649,682","21.6%","1,035,811","229,438","22.2%","1,129,524","224,378","19.9%","3,344,345","681,551","20.4%","284,683","66,589","23.4%","1,457,367","322,135","22.1%","174,518","41,967","24.0%","1,885,868","426,009","22.6%","6,970,652","1,622,871","23.3%","632,161","99,699","15.8%","144,949","30,564","21.1%","2,064,743","391,962","19.0%","1,885,066","331,048","17.6%","632,808","157,796","24.9%","1,336,658","238,453","17.8%","133,346","22,731","17.0%","1,576,939","814,664","51.7%"
"    ALL INDIVIDUALS WITH INCOME BELOW THE FOLLOWING POVERTY RATIOS","","","","","","","","","","","","","","","","","","","","","","","","","","","","","","","","","","","","","","","","","","","","","","","","","","","","","","","","","","","","","","","","","","","","","","","","","","","","","","","","","","","","","","","","","","","","","","","","","","","","","","","","","","","","","","","","","","","","","","","","","","","","","","","","","","","","","","","","","","","","","","","","","","","","","","","",""
"        50 percent of poverty level","363,398","37,710","440,556","(X)","(X)","196,541","(X)","(X)","2,275,195","(X)","(X)","255,879","(X)","(X)","157,621","(X)","(X)","50,635","(X)","(X)","64,617","(X)","(X)","1,230,013","(X)","(X)","668,662","(X)","(X)","61,108","(X)","(X)","82,577","(X)","(X)","695,247","(X)","(X)","396,763","(X)","(X)","154,683","(X)","(X)","143,862","(X)","(X)","325,902","(X)","(X)","365,987","(X)","(X)","60,264","(X)","(X)","259,827","(X)","(X)","309,113","(X)","(X)","632,834","(X)","(X)","231,376","(X)","(X)","264,940","(X)","(X)","335,885","(X)","(X)","56,235","(X)","(X)","85,297","(X)","(X)","174,548","(X)","(X)","49,395","(X)","(X)","371,646","(X)","(X)","187,319","(X)","(X)","1,175,106","(X)","(X)","622,599","(X)","(X)","39,586","(X)","(X)","698,757","(X)","(X)","264,068","(X)","(X)","229,916","(X)","(X)","693,015","(X)","(X)","56,774","(X)","(X)","334,323","(X)","(X)","50,823","(X)","(X)","433,900","(X)","(X)","1,815,948","(X)","(X)","131,030","(X)","(X)","28,406","(X)","(X)","423,400","(X)","(X)","350,974","(X)","(X)","132,751","(X)","(X)","274,093","(X)","(X)","28,721","(X)","(X)","734,815","(X)","(X)"
"        125 percent of poverty level","1,045,821","100,355","1,319,148","(X)","(X)","674,173","(X)","(X)","6,665,447","(X)","(X)","718,908","(X)","(X)","470,748","(X)","(X)","149,652","(X)","(X)","133,555","(X)","(X)","3,859,725","(X)","(X)","1,954,123","(X)","(X)","163,511","(X)","(X)","295,600","(X)","(X)","1,997,989","(X)","(X)","1,143,102","(X)","(X)","471,351","(X)","(X)","460,532","(X)","(X)","938,992","(X)","(X)","1,113,022","(X)","(X)","204,217","(X)","(X)","697,991","(X)","(X)","873,162","(X)","(X)","1,782,688","(X)","(X)","713,715","(X)","(X)","744,760","(X)","(X)","1,066,683","(X)","(X)","185,654","(X)","(X)","290,437","(X)","(X)","521,573","(X)","(X)","136,377","(X)","(X)","1,117,605","(X)","(X)","526,096","(X)","(X)","3,381,210","(X)","(X)","1,900,667","(X)","(X)","107,592","(X)","(X)","2,047,923","(X)","(X)","783,754","(X)","(X)","705,051","(X)","(X)","2,012,077","(X)","(X)","170,195","(X)","(X)","985,027","(X)","(X)","149,965","(X)","(X)","1,331,724","(X)","(X)","5,559,872","(X)","(X)","393,198","(X)","(X)","86,080","(X)","(X)","1,146,100","(X)","(X)","1,002,777","(X)","(X)","415,783","(X)","(X)","845,387","(X)","(X)","82,292","(X)","(X)","1,648,770","(X)","(X)"
"        150 percent of poverty level","1,283,409","126,748","1,640,536","(X)","(X)","836,345","(X)","(X)","8,274,348","(X)","(X)","907,663","(X)","(X)","580,743","(X)","(X)","179,853","(X)","(X)","149,547","(X)","(X)","4,832,239","(X)","(X)","2,427,462","(X)","(X)","203,639","(X)","(X)","380,818","(X)","(X)","2,471,119","(X)","(X)","1,421,273","(X)","(X)","587,223","(X)","(X)","583,277","(X)","(X)","1,157,682","(X)","(X)","1,342,876","(X)","(X)","255,666","(X)","(X)","875,225","(X)","(X)","1,057,808","(X)","(X)","2,184,825","(X)","(X)","900,015","(X)","(X)","904,931","(X)","(X)","1,313,229","(X)","(X)","231,406","(X)","(X)","362,831","(X)","(X)","657,971","(X)","(X)","172,085","(X)","(X)","1,372,078","(X)","(X)","636,293","(X)","(X)","4,092,272","(X)","(X)","2,367,982","(X)","(X)","134,569","(X)","(X)","2,508,012","(X)","(X)","971,555","(X)","(X)","876,163","(X)","(X)","2,470,550","(X)","(X)","204,486","(X)","(X)","1,242,429","(X)","(X)","180,098","(X)","(X)","1,670,884","(X)","(X)","6,929,092","(X)","(X)","510,913","(X)","(X)","104,981","(X)","(X)","1,428,888","(X)","(X)","1,251,041","(X)","(X)","502,466","(X)","(X)","1,042,169","(X)","(X)","102,615","(X)","(X)","1,894,139","(X)","(X)"
"        185 percent of poverty level","1,622,952","167,488","2,132,491","(X)","(X)","1,065,029","(X)","(X)","10,629,810","(X)","(X)","1,229,133","(X)","(X)","742,025","(X)","(X)","232,013","(X)","(X)","171,442","(X)","(X)","6,314,372","(X)","(X)","3,094,768","(X)","(X)","269,298","(X)","(X)","508,486","(X)","(X)","3,183,185","(X)","(X)","1,845,974","(X)","(X)","764,138","(X)","(X)","767,897","(X)","(X)","1,456,057","(X)","(X)","1,667,470","(X)","(X)","344,229","(X)","(X)","1,140,847","(X)","(X)","1,349,404","(X)","(X)","2,800,583","(X)","(X)","1,168,138","(X)","(X)","1,104,261","(X)","(X)","1,701,072","(X)","(X)","305,285","(X)","(X)","486,613","(X)","(X)","857,896","(X)","(X)","233,984","(X)","(X)","1,762,779","(X)","(X)","789,992","(X)","(X)","5,182,369","(X)","(X)","3,077,150","(X)","(X)","168,771","(X)","(X)","3,213,724","(X)","(X)","1,250,926","(X)","(X)","1,114,306","(X)","(X)","3,170,324","(X)","(X)","254,532","(X)","(X)","1,599,200","(X)","(X)","234,029","(X)","(X)","2,120,365","(X)","(X)","8,842,771","(X)","(X)","712,333","(X)","(X)","139,049","(X)","(X)","1,864,475","(X)","(X)","1,629,722","(X)","(X)","633,469","(X)","(X)","1,373,986","(X)","(X)","138,085","(X)","(X)","2,180,509","(X)","(X)"
"        200 percent of poverty level","1,739,680","181,502","2,355,279","(X)","(X)","1,161,204","(X)","(X)","11,628,732","(X)","(X)","1,377,239","(X)","(X)","810,143","(X)","(X)","256,353","(X)","(X)","182,283","(X)","(X)","6,978,927","(X)","(X)","3,393,358","(X)","(X)","303,255","(X)","(X)","570,090","(X)","(X)","3,498,512","(X)","(X)","2,018,828","(X)","(X)","850,558","(X)","(X)","847,184","(X)","(X)","1,584,033","(X)","(X)","1,811,484","(X)","(X)","378,642","(X)","(X)","1,256,225","(X)","(X)","1,490,023","(X)","(X)","3,059,063","(X)","(X)","1,294,243","(X)","(X)","1,194,899","(X)","(X)","1,873,713","(X)","(X)","338,800","(X)","(X)","536,799","(X)","(X)","954,163","(X)","(X)","258,580","(X)","(X)","1,926,609","(X)","(X)","853,015","(X)","(X)","5,635,417","(X)","(X)","3,396,151","(X)","(X)","190,032","(X)","(X)","3,523,968","(X)","(X)","1,375,662","(X)","(X)","1,226,658","(X)","(X)","3,492,477","(X)","(X)","274,660","(X)","(X)","1,738,359","(X)","(X)","261,055","(X)","(X)","2,335,364","(X)","(X)","9,652,051","(X)","(X)","800,687","(X)","(X)","155,381","(X)","(X)","2,063,606","(X)","(X)","1,816,838","(X)","(X)","681,768","(X)","(X)","1,523,517","(X)","(X)","151,657","(X)","(X)","2,286,300","(X)","(X)"
"        300 percent of poverty level","2,544,842","296,900","3,590,503","(X)","(X)","1,692,842","(X)","(X)","17,492,658","(X)","(X)","2,233,786","(X)","(X)","1,249,454","(X)","(X)","405,497","(X)","(X)","246,319","(X)","(X)","10,693,721","(X)","(X)","5,084,230","(X)","(X)","496,563","(X)","(X)","918,492","(X)","(X)","5,428,655","(X)","(X)","3,186,976","(X)","(X)","1,382,761","(X)","(X)","1,349,418","(X)","(X)","2,324,929","(X)","(X)","2,521,333","(X)","(X)","604,470","(X)","(X)","2,008,712","(X)","(X)","2,276,389","(X)","(X)","4,695,204","(X)","(X)","2,087,980","(X)","(X)","1,715,835","(X)","(X)","2,916,185","(X)","(X)","525,228","(X)","(X)","870,499","(X)","(X)","1,524,746","(X)","(X)","444,128","(X)","(X)","3,004,777","(X)","(X)","1,195,955","(X)","(X)","8,246,587","(X)","(X)","5,151,267","(X)","(X)","298,077","(X)","(X)","5,407,369","(X)","(X)","2,065,877","(X)","(X)","1,897,660","(X)","(X)","5,450,455","(X)","(X)","415,036","(X)","(X)","2,603,948","(X)","(X)","418,437","(X)","(X)","3,490,597","(X)","(X)","14,219,138","(X)","(X)","1,398,412","(X)","(X)","256,157","(X)","(X)","3,257,100","(X)","(X)","2,936,732","(X)","(X)","1,006,871","(X)","(X)","2,485,101","(X)","(X)","258,777","(X)","(X)","2,729,229","(X)","(X)"
"        400 percent of poverty level","3,219,037","393,946","4,575,627","(X)","(X)","2,093,925","(X)","(X)","22,362,486","(X)","(X)","3,018,956","(X)","(X)","1,648,185","(X)","(X)","532,396","(X)","(X)","307,860","(X)","(X)","13,663,009","(X)","(X)","6,488,138","(X)","(X)","704,853","(X)","(X)","1,176,889","(X)","(X)","7,113,491","(X)","(X)","4,206,327","(X)","(X)","1,884,721","(X)","(X)","1,785,324","(X)","(X)","2,957,639","(X)","(X)","3,085,435","(X)","(X)","798,827","(X)","(X)","2,756,703","(X)","(X)","3,077,408","(X)","(X)","6,115,871","(X)","(X)","2,889,233","(X)","(X)","2,104,912","(X)","(X)","3,823,677","(X)","(X)","674,131","(X)","(X)","1,151,469","(X)","(X)","1,959,213","(X)","(X)","635,330","(X)","(X)","4,008,042","(X)","(X)","1,477,793","(X)","(X)","10,588,145","(X)","(X)","6,549,114","(X)","(X)","414,750","(X)","(X)","7,078,758","(X)","(X)","2,634,219","(X)","(X)","2,481,964","(X)","(X)","7,240,999","(X)","(X)","564,138","(X)","(X)","3,316,260","(X)","(X)","558,921","(X)","(X)","4,436,669","(X)","(X)","17,992,542","(X)","(X)","1,940,775","(X)","(X)","347,203","(X)","(X)","4,334,631","(X)","(X)","3,987,310","(X)","(X)","1,248,723","(X)","(X)","3,387,296","(X)","(X)","338,959","(X)","(X)","2,926,820","(X)","(X)"
"        500 percent of poverty level","3,708,401","480,098","5,291,082","(X)","(X)","2,364,561","(X)","(X)","26,002,977","(X)","(X)","3,651,812","(X)","(X)","1,995,939","(X)","(X)","645,267","(X)","(X)","359,282","(X)","(X)","15,742,357","(X)","(X)","7,504,626","(X)","(X)","874,662","(X)","(X)","1,358,206","(X)","(X)","8,441,244","(X)","(X)","4,969,874","(X)","(X)","2,242,298","(X)","(X)","2,092,023","(X)","(X)","3,396,657","(X)","(X)","3,500,211","(X)","(X)","954,763","(X)","(X)","3,392,933","(X)","(X)","3,790,926","(X)","(X)","7,185,495","(X)","(X)","3,579,554","(X)","(X)","2,375,330","(X)","(X)","4,469,204","(X)","(X)","793,759","(X)","(X)","1,380,052","(X)","(X)","2,256,299","(X)","(X)","795,150","(X)","(X)","4,949,929","(X)","(X)","1,648,483","(X)","(X)","12,473,909","(X)","(X)","7,602,253","(X)","(X)","505,127","(X)","(X)","8,385,695","(X)","(X)","3,012,459","(X)","(X)","2,920,823","(X)","(X)","8,637,022","(X)","(X)","678,071","(X)","(X)","3,813,512","(X)","(X)","659,394","(X)","(X)","5,109,331","(X)","(X)","20,741,714","(X)","(X)","2,320,908","(X)","(X)","423,883","(X)","(X)","5,226,471","(X)","(X)","4,795,778","(X)","(X)","1,416,073","(X)","(X)","4,076,171","(X)","(X)","410,359","(X)","(X)","3,025,603","(X)","(X)"
"UNRELATED INDIVIDUALS FOR WHOM POVERTY STATUS IS DETERMINED","860,676","152,663","1,382,640","318,003","23.0%","544,045","164,012","30.1%","7,051,631","1,775,910","25.2%","1,238,639","242,910","19.6%","688,935","151,624","22.0%","184,854","44,222","23.9%","258,834","50,549","19.5%","4,238,764","1,029,969","24.3%","1,828,218","451,443","24.7%","239,656","55,683","23.2%","303,441","78,455","25.9%","2,435,330","578,642","23.8%","1,294,197","323,776","25.0%","662,587","156,741","23.7%","562,511","138,336","24.6%","846,243","252,184","29.8%","884,152","273,853","31.0%","326,782","78,734","24.1%","1,089,784","215,404","19.8%","1,471,361","317,926","21.6%","2,039,076","542,359","26.6%","1,173,442","248,817","21.2%","504,304","167,103","33.1%","1,216,846","302,110","24.8%","241,394","64,733","26.8%","395,052","91,776","23.2%","640,756","151,061","23.6%","278,164","48,196","17.3%","1,439,516","285,038","19.8%","427,182","125,790","29.4%","4,031,845","967,935","24.0%","1,963,669","486,951","24.8%","182,856","44,981","24.6%","2,442,863","621,192","25.4%","716,497","200,842","28.0%","983,680","245,653","25.0%","2,546,042","616,922","24.2%","226,767","54,597","24.1%","940,520","252,952","26.9%","182,721","44,508","24.4%","1,261,629","336,173","26.6%","4,497,134","1,119,056","24.9%","428,996","111,026","25.9%","152,543","36,801","24.1%","1,609,277","369,889","23.0%","1,601,575","352,693","22.0%","371,258","114,963","31.0%","1,253,231","284,977","22.7%","122,857","28,113","22.9%","541,356","301,209","55.6%"
"    Male","406,769","84,920","700,185","154,269","22.0%","257,771","65,801","25.5%","3,534,357","781,371","22.1%","635,076","107,593","16.9%","326,584","65,401","20.0%","87,443","20,211","23.1%","121,401","21,903","18.0%","2,069,316","451,833","21.8%","891,090","188,963","21.2%","123,773","26,893","21.7%","154,417","35,912","23.3%","1,185,514","254,018","21.4%","639,183","146,218","22.9%","328,561","67,629","20.6%","278,620","62,901","22.6%","408,969","110,337","27.0%","423,616","113,816","26.9%","156,223","34,496","22.1%","512,575","90,939","17.7%","711,030","142,177","20.0%","1,004,896","247,768","24.7%","585,944","112,288","19.2%","242,015","71,992","29.7%","586,198","135,971","23.2%","121,988","31,028","25.4%","199,280","42,069","21.1%","332,290","67,272","20.2%","139,668","21,991","15.7%","674,792","118,661","17.6%","214,744","57,510","26.8%","1,908,319","410,885","21.5%","929,404","207,200","22.3%","100,196","22,695","22.7%","1,206,968","289,304","24.0%","359,015","92,789","25.8%","483,278","112,928","23.4%","1,227,479","275,212","22.4%","109,759","24,251","22.1%","447,491","107,696","24.1%","94,165","21,346","22.7%","611,119","144,265","23.6%","2,290,027","486,221","21.2%","215,091","46,344","21.5%","72,862","17,767","24.4%","779,684","160,432","20.6%","818,500","165,356","20.2%","181,073","52,573","29.0%","622,276","126,871","20.4%","65,462","10,454","16.0%","248,641","127,704","51.4%"
"    Female","453,907","67,743","682,455","163,734","24.0%","286,274","98,211","34.3%","3,517,274","994,539","28.3%","603,563","135,317","22.4%","362,351","86,223","23.8%","97,411","24,011","24.6%","137,433","28,646","20.8%","2,169,448","578,136","26.6%","937,128","262,480","28.0%","115,883","28,790","24.8%","149,024","42,543","28.5%","1,249,816","324,624","26.0%","655,014","177,558","27.1%","334,026","89,112","26.7%","283,891","75,435","26.6%","437,274","141,847","32.4%","460,536","160,037","34.8%","170,559","44,238","25.9%","577,209","124,465","21.6%","760,331","175,749","23.1%","1,034,180","294,591","28.5%","587,498","136,529","23.2%","262,289","95,111","36.3%","630,648","166,139","26.3%","119,406","33,705","28.2%","195,772","49,707","25.4%","308,466","83,789","27.2%","138,496","26,205","18.9%","764,724","166,377","21.8%","212,438","68,280","32.1%","2,123,526","557,050","26.2%","1,034,265","279,751","27.0%","82,660","22,286","27.0%","1,235,895","331,888","26.9%","357,482","108,053","30.2%","500,402","132,725","26.5%","1,318,563","341,710","25.9%","117,008","30,346","25.9%","493,029","145,256","29.5%","88,556","23,162","26.2%","650,510","191,908","29.5%","2,207,107","632,835","28.7%","213,905","64,682","30.2%","79,681","19,034","23.9%","829,593","209,457","25.2%","783,075","187,337","23.9%","190,185","62,390","32.8%","630,955","158,106","25.1%","57,395","17,659","30.8%","292,715","173,505","59.3%"
"    15 years","993","415","1,484","1,484","100.0%","852","852","100.0%","9,461","9,188","97.1%","1,259","1,210","96.1%","1,136","1,136","100.0%","92","92","100.0%","0","0","-","5,123","5,123","100.0%","2,803","2,716","96.9%","137","96","70.1%","484","462","95.5%","3,223","3,093","96.0%","2,428","2,428","100.0%","1,468","1,468","100.0%","681","681","100.0%","1,123","1,003","89.3%","542","542","100.0%","368","368","100.0%","1,003","1,003","100.0%","1,842","1,691","91.8%","2,044","1,945","95.2%","1,345","1,240","92.2%","609","609","100.0%","1,664","1,664","100.0%","339","339","100.0%","493","493","100.0%","893","844","94.5%","653","653","100.0%","1,993","1,889","94.8%","918","918","100.0%","6,274","6,256","99.7%","4,559","4,559","100.0%","93","93","100.0%","3,544","3,468","97.9%","984","984","100.0%","1,551","1,551","100.0%","2,697","2,697","100.0%","299","299","100.0%","789","789","100.0%","222","222","100.0%","1,788","1,788","100.0%","7,112","7,028","98.8%","499","499","100.0%","532","532","100.0%","2,405","2,405","100.0%","1,872","1,683","89.9%","192","192","100.0%","2,030","2,019","99.5%","0","0","-","566","566","100.0%"
"    16 to 17 years","2,742","660","4,513","3,920","86.9%","2,582","2,517","97.5%","27,140","26,177","96.5%","5,186","5,077","97.9%","1,583","1,583","100.0%","560","560","100.0%","435","435","100.0%","14,819","13,825","93.3%","7,827","7,381","94.3%","865","865","100.0%","1,395","1,335","95.7%","7,948","7,372","92.8%","7,335","7,092","96.7%","2,270","2,177","95.9%","2,915","2,880","98.8%","3,527","3,336","94.6%","1,322","1,322","100.0%","1,643","1,569","95.5%","3,984","3,768","94.6%","3,850","3,850","100.0%","7,216","7,216","100.0%","4,251","4,172","98.1%","1,110","1,110","100.0%","5,898","5,706","96.7%","1,832","1,832","100.0%","2,146","2,131","99.3%","2,756","2,756","100.0%","654","654","100.0%","2,897","2,660","91.8%","2,564","2,514","98.0%","13,798","13,211","95.7%","8,711","8,682","99.7%","379","379","100.0%","6,812","6,380","93.7%","2,923","2,728","93.3%","4,902","4,902","100.0%","6,855","6,821","99.5%","920","920","100.0%","2,383","1,988","83.4%","1,162","763","65.7%","3,403","3,266","96.0%","16,427","15,044","91.6%","2,161","1,839","85.1%","930","851","91.5%","5,711","5,420","94.9%","5,897","5,629","95.5%","2,052","2,023","98.6%","4,368","4,018","92.0%","359","319","88.9%","917","856","93.3%"
"    18 to 24 years","97,399","16,571","168,996","70,043","41.4%","74,297","39,081","52.6%","729,400","372,095","51.0%","168,161","67,451","40.1%","52,767","25,974","49.2%","14,665","7,464","50.9%","23,655","9,337","39.5%","342,428","161,724","47.2%","199,371","90,516","45.4%","18,807","8,331","44.3%","44,209","22,842","51.7%","260,079","133,234","51.2%","182,478","88,659","48.6%","111,594","54,535","48.9%","95,861","47,820","49.9%","105,996","54,124","51.1%","92,341","51,681","56.0%","29,449","12,052","40.9%","90,927","43,452","47.8%","142,269","65,432","46.0%","264,940","133,636","50.4%","154,811","66,546","43.0%","51,035","31,761","62.2%","160,493","75,406","47.0%","38,067","17,850","46.9%","65,878","30,095","45.7%","57,550","22,675","39.4%","28,866","10,192","35.3%","81,907","40,096","49.0%","46,553","21,562","46.3%","324,944","152,250","46.9%","216,820","105,977","48.9%","40,020","17,246","43.1%","283,210","128,507","45.4%","100,848","54,884","54.4%","128,412","58,095","45.2%","256,024","135,953","53.1%","18,483","7,816","42.3%","102,008","56,679","55.6%","30,701","13,330","43.4%","150,567","73,193","48.6%","565,024","279,345","49.4%","95,481","47,180","49.4%","19,577","8,800","45.0%","199,117","101,578","51.0%","209,667","87,749","41.9%","46,541","29,674","63.8%","188,778","91,770","48.6%","17,984","9,177","51.0%","24,953","20,984","84.1%"
"    25 to 34 years","140,259","36,369","279,069","53,249","19.1%","93,393","21,065","22.6%","1,716,018","311,468","18.2%","331,858","42,160","12.7%","136,692","21,736","15.9%","34,522","7,236","21.0%","97,274","10,012","10.3%","749,842","147,721","19.7%","388,411","66,616","17.2%","47,965","9,922","20.7%","57,770","11,981","20.7%","536,369","89,968","16.8%","243,476","48,721","20.0%","119,971","20,483","17.1%","105,803","17,124","16.2%","143,291","30,900","21.6%","178,304","41,441","23.2%","59,105","11,449","19.4%","228,495","32,191","14.1%","364,426","54,922","15.1%","379,054","77,558","20.5%","254,268","34,964","13.8%","77,569","18,975","24.5%","230,156","41,565","18.1%","47,411","7,612","16.1%","76,898","12,476","16.2%","134,138","25,549","19.0%","59,828","8,645","14.4%","286,947","47,026","16.4%","75,135","19,299","25.7%","938,426","156,175","16.6%","394,492","76,488","19.4%","42,238","6,712","15.9%","468,529","95,018","20.3%","131,021","29,501","22.5%","223,656","47,311","21.2%","497,503","89,526","18.0%","46,242","8,509","18.4%","167,045","32,069","19.2%","35,727","5,893","16.5%","249,957","51,992","20.8%","1,032,824","176,571","17.1%","101,427","17,717","17.5%","27,305","3,546","13.0%","344,367","52,040","15.1%","386,100","59,712","15.5%","52,871","13,009","24.6%","237,546","34,401","14.5%","25,034","4,913","19.6%","61,583","30,898","50.2%"
"    35 to 44 years","101,000","20,671","157,160","31,928","20.3%","58,365","16,303","27.9%","977,998","191,527","19.6%","153,302","20,721","13.5%","72,947","13,551","18.6%","20,707","3,012","14.5%","40,145","4,616","11.5%","512,232","100,945","19.7%","243,306","49,054","20.2%","31,914","5,737","18.0%","33,212","6,291","18.9%","290,566","56,187","19.3%","140,833","29,255","20.8%","70,053","12,214","17.4%","58,833","10,271","17.5%","103,180","31,846","30.9%","111,198","31,692","28.5%","33,877","8,341","24.6%","143,101","21,447","15.0%","157,446","24,767","15.7%","211,649","49,766","23.5%","136,929","24,541","17.9%","58,589","16,795","28.7%","130,506","26,716","20.5%","25,276","7,274","28.8%","43,489","7,321","16.8%","93,186","16,735","18.0%","29,486","4,619","15.7%","179,026","27,414","15.3%","51,726","14,522","28.1%","502,984","98,366","19.6%","233,972","47,172","20.2%","17,197","3,663","21.3%","271,169","61,888","22.8%","79,964","20,187","25.2%","117,403","22,324","19.0%","273,043","58,171","21.3%","24,136","3,827","15.9%","114,670","22,297","19.4%","18,483","2,896","15.7%","141,636","34,675","24.5%","641,009","116,396","18.2%","53,741","10,014","18.6%","14,847","4,470","30.1%","197,017","32,056","16.3%","205,884","38,136","18.5%","40,220","11,283","28.1%","135,727","21,465","15.8%","14,748","1,940","13.2%","64,665","29,113","45.0%"
"    45 to 54 years","115,762","23,226","183,450","41,959","22.9%","72,261","22,320","30.9%","898,739","208,313","23.2%","149,654","26,374","17.6%","100,200","24,676","24.6%","29,538","7,395","25.0%","26,452","5,462","20.6%","580,293","132,687","22.9%","271,093","62,303","23.0%","31,465","8,617","27.4%","37,785","8,459","22.4%","314,284","70,168","22.3%","177,044","42,426","24.0%","77,101","16,689","21.6%","66,081","14,686","22.2%","115,010","36,092","31.4%","123,757","40,578","32.8%","44,252","9,958","22.5%","151,122","29,418","19.5%","184,921","38,298","20.7%","260,611","71,642","27.5%","143,848","28,569","19.9%","72,552","24,780","34.2%","152,959","37,419","24.5%","24,776","6,466","26.1%","44,332","9,049","20.4%","90,703","21,066","23.2%","32,823","4,894","14.9%","207,431","42,420","20.5%","53,028","14,648","27.6%","543,310","133,235","24.5%","275,024","66,609","24.2%","19,640","3,275","16.7%","333,535","93,277","28.0%","90,854","24,214","26.7%","117,442","29,154","24.8%","330,896","78,489","23.7%","32,586","8,818","27.1%","127,637","34,660","27.2%","21,871","6,218","28.4%","175,240","44,974","25.7%","587,377","128,663","21.9%","42,694","9,150","21.4%","19,213","4,100","21.3%","207,942","42,572","20.5%","195,579","43,751","22.4%","53,721","17,048","31.7%","158,752","33,207","20.9%","14,041","2,510","17.9%","84,253","41,293","49.0%"
"    55 to 64 years","161,059","26,513","218,907","54,964","25.1%","95,641","31,639","33.1%","1,071,317","286,718","26.8%","177,410","38,053","21.4%","126,914","29,384","23.2%","35,443","11,382","32.1%","30,364","9,912","32.6%","733,018","192,655","26.3%","296,754","82,857","27.9%","40,612","10,116","24.9%","50,762","12,418","24.5%","394,571","108,136","27.4%","213,164","54,130","25.4%","106,869","22,210","20.8%","88,282","21,046","23.8%","154,703","49,002","31.7%","156,485","54,407","34.8%","61,066","17,118","28.0%","186,967","39,514","21.1%","243,764","59,000","24.2%","360,142","104,222","28.9%","195,512","41,018","21.0%","98,967","36,597","37.0%","214,179","58,656","27.4%","42,832","11,089","25.9%","59,987","14,460","24.1%","111,279","32,112","28.9%","51,959","9,042","17.4%","263,775","54,035","20.5%","77,106","25,079","32.5%","651,827","174,668","26.8%","333,025","87,046","26.1%","24,398","4,971","20.4%","434,457","119,514","27.5%","123,407","35,078","28.4%","142,437","42,174","29.6%","438,282","117,513","26.8%","39,394","9,653","24.5%","170,320","51,814","30.4%","28,582","5,999","21.0%","220,369","67,733","30.7%","694,887","181,793","26.2%","51,492","12,507","24.3%","27,007","6,538","24.2%","254,037","61,784","24.3%","235,072","59,403","25.3%","64,630","21,756","33.7%","207,524","45,737","22.0%","20,978","4,065","19.4%","107,783","64,181","59.5%"
"    65 to 74 years","124,044","18,249","190,900","30,314","15.9%","76,451","16,988","22.2%","849,381","190,601","22.4%","140,383","23,175","16.5%","96,656","17,477","18.1%","28,185","4,307","15.3%","22,082","5,154","23.3%","658,644","147,563","22.4%","232,272","50,289","21.7%","39,282","7,661","19.5%","38,699","6,715","17.4%","312,417","59,632","19.1%","166,421","26,683","16.0%","80,179","11,745","14.6%","69,966","13,058","18.7%","114,214","24,118","21.1%","122,939","29,728","24.2%","51,360","8,432","16.4%","148,732","22,842","15.4%","189,576","35,499","18.7%","284,507","55,466","19.5%","139,900","24,377","17.4%","74,947","18,943","25.3%","166,536","29,541","17.7%","32,758","6,801","20.8%","48,439","6,737","13.9%","87,901","17,489","19.9%","39,964","5,208","13.0%","203,559","36,454","17.9%","66,579","15,312","23.0%","533,254","120,374","22.6%","261,207","48,092","18.4%","17,258","2,528","14.6%","328,892","62,269","18.9%","95,954","18,430","19.2%","134,901","22,210","16.5%","359,009","62,113","17.3%","33,648","7,991","23.7%","141,101","27,942","19.8%","21,944","3,292","15.0%","172,569","31,503","18.3%","519,941","116,583","22.4%","41,162","6,684","16.2%","24,431","4,861","19.9%","209,830","36,088","17.2%","194,146","29,976","15.4%","57,084","11,352","19.9%","155,645","25,908","16.6%","16,935","2,526","14.9%","102,325","56,725","55.4%"
"    75 years and over","117,418","9,989","178,161","30,142","16.9%","70,203","13,247","18.9%","772,177","179,823","23.3%","111,426","18,689","16.8%","100,040","16,107","16.1%","21,142","2,774","13.1%","18,427","5,621","30.5%","642,365","127,726","19.9%","186,381","39,711","21.3%","28,609","4,338","15.2%","39,125","7,952","20.3%","315,873","50,852","16.1%","161,018","24,382","15.1%","93,082","15,220","16.4%","74,089","10,770","14.5%","105,199","21,763","20.7%","97,264","22,462","23.1%","45,662","9,447","20.7%","135,453","21,769","16.1%","183,267","34,467","18.8%","268,913","40,908","15.2%","142,578","23,390","16.4%","68,926","17,533","25.4%","154,455","25,437","16.5%","28,103","5,470","19.5%","53,390","9,014","16.9%","62,350","11,835","19.0%","33,931","4,289","12.6%","211,981","33,044","15.6%","53,573","11,936","22.3%","517,028","113,400","21.9%","235,859","42,326","17.9%","21,633","6,114","28.3%","312,715","50,871","16.3%","90,542","14,836","16.4%","112,976","17,932","15.9%","381,733","65,639","17.2%","31,059","6,764","21.8%","114,567","24,714","21.6%","24,029","5,895","24.5%","146,100","27,049","18.5%","432,533","97,633","22.6%","40,339","5,436","13.5%","18,701","3,103","16.6%","188,851","35,946","19.0%","167,358","26,654","15.9%","53,947","8,626","16.0%","162,861","26,452","16.2%","12,778","2,663","20.8%","94,311","56,593","60.0%"
"    Mean income deficit for unrelated individuals (dollars)","7,375","7,887","7,867","(X)","(X)","7,027","(X)","(X)","7,805","(X)","(X)","7,597","(X)","(X)","7,114","(X)","(X)","7,403","(X)","(X)","8,039","(X)","(X)","7,442","(X)","(X)","7,847","(X)","(X)","7,551","(X)","(X)","6,966","(X)","(X)","7,823","(X)","(X)","7,629","(X)","(X)","7,196","(X)","(X)","7,072","(X)","(X)","7,021","(X)","(X)","7,199","(X)","(X)","6,333","(X)","(X)","7,519","(X)","(X)","7,447","(X)","(X)","7,133","(X)","(X)","6,933","(X)","(X)","7,164","(X)","(X)","7,049","(X)","(X)","6,460","(X)","(X)","7,127","(X)","(X)","7,943","(X)","(X)","7,271","(X)","(X)","7,388","(X)","(X)","7,206","(X)","(X)","7,436","(X)","(X)","7,372","(X)","(X)","7,413","(X)","(X)","7,007","(X)","(X)","7,115","(X)","(X)","7,203","(X)","(X)","7,238","(X)","(X)","6,598","(X)","(X)","7,342","(X)","(X)","6,781","(X)","(X)","7,078","(X)","(X)","7,672","(X)","(X)","7,730","(X)","(X)","6,495","(X)","(X)","7,584","(X)","(X)","7,504","(X)","(X)","7,199","(X)","(X)","6,882","(X)","(X)","6,945","(X)","(X)","7,804","(X)","(X)"
"    Worked full-time, year-round in the past 12 months","327,438","71,525","595,146","13,930","2.3%","212,676","11,627","5.5%","3,115,849","90,110","2.9%","623,880","14,376","2.3%","292,165","5,738","2.0%","81,390","2,751","3.4%","151,206","1,496","1.0%","1,783,878","57,934","3.2%","869,047","24,337","2.8%","104,690","3,252","3.1%","122,811","5,587","4.5%","1,094,240","30,110","2.8%","566,089","16,847","3.0%","290,695","12,041","4.1%","250,296","10,531","4.2%","326,293","14,055","4.3%","362,458","18,786","5.2%","130,314","3,765","2.9%","537,228","14,688","2.7%","649,551","13,192","2.0%","795,545","28,603","3.6%","532,387","13,832","2.6%","187,474","9,541","5.1%","525,408","18,269","3.5%","99,695","5,398","5.4%","182,769","6,889","3.8%","293,433","9,523","3.2%","128,906","1,672","1.3%","665,314","14,446","2.2%","167,669","8,500","5.1%","1,786,983","38,713","2.2%","863,384","29,547","3.4%","87,418","3,903","4.5%","1,028,438","36,730","3.6%","305,729","14,152","4.6%","397,402","14,519","3.7%","1,062,186","30,148","2.8%","93,743","1,709","1.8%","398,000","17,565","4.4%","84,229","3,272","3.9%","554,754","24,841","4.5%","2,247,386","82,289","3.7%","198,199","8,799","4.4%","60,033","1,414","2.4%","763,162","21,494","2.8%","719,701","17,666","2.5%","130,700","5,077","3.9%","559,163","21,369","3.8%","58,024","2,617","4.5%","134,028","10,943","8.2%"
"    Worked less than full-time, year-round in the past 12 months","154,253","42,795","295,100","103,683","35.1%","110,189","49,215","44.7%","1,623,114","535,198","33.0%","297,449","98,147","33.0%","157,006","51,642","32.9%","36,132","13,180","36.5%","45,489","14,866","32.7%","793,453","274,308","34.6%","345,005","127,431","36.9%","53,586","18,615","34.7%","74,644","32,048","42.9%","502,591","189,461","37.7%","275,064","115,699","42.1%","159,697","66,169","41.4%","132,969","60,695","45.6%","177,356","73,508","41.4%","170,738","71,748","42.0%","73,648","25,110","34.1%","212,773","68,727","32.3%","331,336","90,523","27.3%","467,333","200,589","42.9%","292,013","98,308","33.7%","92,627","43,484","46.9%","250,833","101,368","40.4%","67,986","28,392","41.8%","90,982","37,406","41.1%","131,699","41,389","31.4%","59,814","15,749","26.3%","264,011","75,677","28.7%","88,211","37,262","42.2%","787,044","253,997","32.3%","411,889","166,083","40.3%","47,382","19,161","40.4%","537,502","215,741","40.1%","152,088","71,205","46.8%","250,482","92,750","37.0%","513,767","197,899","38.5%","44,836","14,218","31.7%","186,535","77,323","41.5%","47,561","19,740","41.5%","242,778","102,826","42.4%","911,455","360,560","39.6%","113,097","48,937","43.3%","41,111","13,470","32.8%","326,193","125,249","38.4%","379,864","127,303","33.5%","71,378","33,287","46.6%","290,323","118,556","40.8%","30,166","12,367","41.0%","80,059","53,357","66.6%"
"    Did not work","378,985","38,343","492,394","200,390","40.7%","221,180","103,170","46.6%","2,312,668","1,150,602","49.8%","317,310","130,387","41.1%","239,764","94,244","39.3%","67,332","28,291","42.0%","62,139","34,187","55.0%","1,661,433","697,727","42.0%","614,166","299,675","48.8%","81,380","33,816","41.6%","105,986","40,820","38.5%","838,499","359,071","42.8%","453,044","191,230","42.2%","212,195","78,531","37.0%","179,246","67,110","37.4%","342,594","164,621","48.1%","350,956","183,319","52.2%","122,820","49,859","40.6%","339,783","131,989","38.8%","490,474","214,211","43.7%","776,198","313,167","40.3%","349,042","136,677","39.2%","224,203","114,078","50.9%","440,605","182,473","41.4%","73,713","30,943","42.0%","121,301","47,481","39.1%","215,624","100,149","46.4%","89,444","30,775","34.4%","510,191","194,915","38.2%","171,302","80,028","46.7%","1,457,818","675,225","46.3%","688,396","291,321","42.3%","48,056","21,917","45.6%","876,923","368,721","42.0%","258,680","115,485","44.6%","335,796","138,384","41.2%","970,089","388,875","40.1%","88,188","38,670","43.8%","355,985","158,064","44.4%","50,931","21,496","42.2%","464,097","208,506","44.9%","1,338,293","676,207","50.5%","117,700","53,290","45.3%","51,399","21,917","42.6%","519,922","223,146","42.9%","502,010","207,724","41.4%","169,180","76,599","45.3%","403,745","145,052","35.9%","34,667","13,129","37.9%","327,269","236,909","72.4%"